Type,Frame,TimestampUs,ThreadId,Category,Name,DurationMs,GameThreadMs,RenderPrepareMs,RenderThreadMs,RenderFrameMs,CPUFrameMs,GPUFrameMs,TotalFrameMs,DrawCalls,Triangles,VisibleObjects,Batches
Frame,0,1781696289499778,53912,"Frame","Frame",,8109.96,0.8508,0,7946.51,8109.96,0,8109.96,14,4104,0,0
Frame,1,1781696291020354,53912,"Frame","Frame",,1519.84,0.6448,0,2.6704,1519.84,1.93254,1519.84,14,4104,0,0
Frame,2,1781696291027851,53912,"Frame","Frame",,7.0874,0.7355,0,5.941,7.0874,2.32717,7.0874,12,2184,0,0
Frame,3,1781696291032227,53912,"Frame","Frame",,4.2936,0.0527,0,4.1482,4.2936,2.13466,4.2936,12,2184,0,0
Frame,4,1781696291037567,53912,"Frame","Frame",,5.1885,0.0503,0,5.0404,5.1885,2.13472,5.1885,12,2184,0,0
Frame,5,1781696291043461,53912,"Frame","Frame",,5.823,0.0567,0,5.6608,5.823,2.16499,5.823,12,2184,0,0
Frame,6,1781696291048607,53912,"Frame","Frame",,5.0745,0.0606,0,4.9155,5.0745,2.16787,5.0745,12,2184,0,0
Frame,7,1781696291053535,53912,"Frame","Frame",,4.8528,0.0515,0,4.7053,4.8528,2.15594,4.8528,12,2184,0,0
Frame,8,1781696291060016,53912,"Frame","Frame",,6.4069,0.0887,0,6.2047,6.4069,2.18992,6.4069,12,2184,0,0
Frame,9,1781696291067259,53912,"Frame","Frame",,7.1733,0.0484,0,7.0362,7.1733,2.73946,7.1733,12,2184,0,0
Frame,10,1781696291084213,53912,"Frame","Frame",,16.8831,0.0484,0,16.7495,16.8831,2.74253,16.8831,12,2184,0,0
Frame,11,1781696291089776,53912,"Frame","Frame",,5.4826,0.0833,0,5.3086,5.4826,3.37984,5.4826,12,2184,0,0
Frame,12,1781696291094440,53912,"Frame","Frame",,4.5822,0.0542,0,4.4351,4.5822,2.38278,4.5822,12,2184,0,0
Frame,13,1781696291100267,53912,"Frame","Frame",,5.7494,0.0458,0,5.6198,5.7494,2.93344,5.7494,12,2184,0,0
Frame,14,1781696291105168,53912,"Frame","Frame",,4.8202,0.0472,0,4.6905,4.8202,2.34221,4.8202,12,2184,0,0
Frame,15,1781696291111465,53912,"Frame","Frame",,6.2135,0.0505,0,6.07,6.2135,2.68835,6.2135,12,2184,0,0
Frame,16,1781696291116831,53912,"Frame","Frame",,5.2871,0.0511,0,5.1454,5.2871,2.81549,5.2871,12,2184,0,0
Frame,17,1781696291123422,53912,"Frame","Frame",,6.5098,0.0475,0,6.3782,6.5098,3.74774,6.5098,12,2184,0,0
Frame,18,1781696291127390,53912,"Frame","Frame",,3.889,0.058,0,3.7346,3.889,2.44554,3.889,12,2184,0,0
Frame,19,1781696291133176,53912,"Frame","Frame",,5.7174,0.0417,0,5.6046,5.7174,2.70662,5.7174,12,2184,0,0
Frame,20,1781696291138457,53912,"Frame","Frame",,5.2071,0.0436,0,5.0878,5.2071,2.32429,5.2071,12,2184,0,0
Frame,21,1781696291144536,53912,"Frame","Frame",,6,0.0461,0,5.8725,6,2.4055,6,12,2184,0,0
Frame,22,1781696291150191,53912,"Frame","Frame",,5.5723,0.052,0,5.4285,5.5723,2.83466,5.5723,12,2184,0,0
Frame,23,1781696291156712,53912,"Frame","Frame",,6.4395,0.0471,0,6.3075,6.4395,3.81674,6.4395,12,2184,0,0
Frame,24,1781696291160677,53912,"Frame","Frame",,3.8834,0.0639,0,3.6938,3.8834,2.36381,3.8834,12,2184,0,0
Frame,25,1781696291166624,53912,"Frame","Frame",,5.8748,0.0441,0,5.757,5.8748,2.71194,5.8748,12,2184,0,0
Frame,26,1781696291171602,53912,"Frame","Frame",,4.9047,0.0445,0,4.7854,4.9047,2.28467,4.9047,12,2184,0,0
Frame,27,1781696291178019,53912,"Frame","Frame",,6.3412,0.0426,0,6.2222,6.3412,2.29658,6.3412,12,2184,0,0
Frame,28,1781696291183551,53912,"Frame","Frame",,5.4472,0.0474,0,5.3036,5.4472,2.73427,5.4472,12,2184,0,0
Frame,29,1781696291190320,53912,"Frame","Frame",,6.6881,0.0461,0,6.5538,6.6881,3.90618,6.6881,12,2184,0,0
Frame,30,1781696291194049,53912,"Frame","Frame",,3.6447,0.0582,0,3.4765,3.6447,2.40973,3.6447,12,2184,0,0
Frame,31,1781696291197732,53912,"Frame","Frame",,3.612,0.0446,0,3.4937,3.612,2.32605,3.612,12,2184,0,0
Frame,32,1781696291200880,53912,"Frame","Frame",,3.0864,0.0427,0,2.9743,3.0864,2.0897,3.0864,12,2184,0,0
Frame,33,1781696291204779,53912,"Frame","Frame",,3.8332,0.037,0,3.7335,3.8332,2.41709,3.8332,12,2184,0,0
Frame,34,1781696291208576,53912,"Frame","Frame",,3.7229,0.0518,0,3.5896,3.7229,2.37114,3.7229,12,2184,0,0
Frame,35,1781696291213291,53912,"Frame","Frame",,4.6267,0.0456,0,4.4914,4.6267,2.17667,4.6267,12,2184,0,0
Frame,36,1781696291217362,53912,"Frame","Frame",,3.9615,0.0956,0,3.7216,3.9615,2.78237,3.9615,12,2184,0,0
Frame,37,1781696291223448,53912,"Frame","Frame",,5.9931,0.0386,0,5.8875,5.9931,3.87171,5.9931,12,2184,0,0
Frame,38,1781696291238415,53912,"Frame","Frame",,14.8656,0.0566,0,14.7016,14.8656,2.2169,14.8656,12,2184,0,0
Frame,39,1781696291245467,53912,"Frame","Frame",,6.9736,0.0476,0,6.8406,6.9736,2.196,6.9736,12,2184,0,0
Frame,40,1781696291250110,53912,"Frame","Frame",,4.5299,0.058,0,4.3672,4.5299,2.66886,4.5299,12,2184,0,0
Frame,41,1781696291257562,53912,"Frame","Frame",,7.3698,0.0497,0,7.2312,7.3698,3.80307,7.3698,12,2184,0,0
Frame,42,1781696291261228,53912,"Frame","Frame",,3.5992,0.0487,0,3.4683,3.5992,2.11654,3.5992,12,2184,0,0
Frame,43,1781696291265164,53912,"Frame","Frame",,3.8749,0.0341,0,3.787,3.8749,2.64822,3.8749,12,2184,0,0
Frame,44,1781696291268382,53912,"Frame","Frame",,3.1537,0.0399,0,3.048,3.1537,2.10717,3.1537,12,2184,0,0
Frame,45,1781696291271629,53912,"Frame","Frame",,3.1908,0.0394,0,3.0854,3.1908,2.08259,3.1908,12,2184,0,0
Frame,46,1781696291275248,53912,"Frame","Frame",,3.5561,0.0363,0,3.4651,3.5561,2.28496,3.5561,12,2184,0,0
Frame,47,1781696291278917,53912,"Frame","Frame",,3.5949,0.0441,0,3.4704,3.5949,2.11779,3.5949,12,2184,0,0
Frame,48,1781696291283207,53912,"Frame","Frame",,4.1858,0.0748,0,4.0012,4.1858,2.66314,4.1858,12,2184,0,0
Frame,49,1781696291299952,53912,"Frame","Frame",,16.6706,0.0396,0,16.5639,16.6706,2.58042,16.6706,12,2184,0,0
Frame,50,1781696291304956,53912,"Frame","Frame",,4.9307,0.0468,0,4.803,4.9307,2.31245,4.9307,12,2184,0,0
Frame,51,1781696291310896,53912,"Frame","Frame",,5.8618,0.0419,0,5.7445,5.8618,2.40979,5.8618,12,2184,0,0
Frame,52,1781696291316847,53912,"Frame","Frame",,5.8676,0.0487,0,5.727,5.8676,2.85552,5.8676,12,2184,0,0
Frame,53,1781696291323538,53912,"Frame","Frame",,6.6078,0.0452,0,6.4787,6.6078,3.94125,6.6078,12,2184,0,0
Frame,54,1781696291327913,53912,"Frame","Frame",,4.3032,0.0924,0,4.066,4.3032,2.09149,4.3032,12,2184,0,0
Frame,55,1781696291333022,53912,"Frame","Frame",,5.0436,0.0347,0,4.9497,5.0436,2.61405,5.0436,12,2184,0,0
Frame,56,1781696291338321,53912,"Frame","Frame",,5.2287,0.0411,0,5.1182,5.2287,2.35821,5.2287,12,2184,0,0
Frame,57,1781696291344206,53912,"Frame","Frame",,5.8032,0.0415,0,5.6869,5.8032,2.33507,5.8032,12,2184,0,0
Frame,58,1781696291349955,53912,"Frame","Frame",,5.6702,0.0483,0,5.5312,5.6702,2.70627,5.6702,12,2184,0,0
Frame,59,1781696291356549,53912,"Frame","Frame",,6.5166,0.0436,0,6.3918,6.5166,3.73402,6.5166,12,2184,0,0
Frame,60,1781696291360684,53912,"Frame","Frame",,4.0446,0.053,0,3.9019,4.0446,2.35872,4.0446,12,2184,0,0
Frame,61,1781696291366723,53912,"Frame","Frame",,5.9671,0.0418,0,5.8507,5.9671,2.73722,5.9671,12,2184,0,0
Frame,62,1781696291371920,53912,"Frame","Frame",,5.1195,0.0475,0,4.99,5.1195,2.40326,5.1195,12,2184,0,0
Frame,63,1781696291378173,53912,"Frame","Frame",,6.1756,0.0447,0,6.051,6.1756,2.13075,6.1756,12,2184,0,0
Frame,64,1781696291383425,53912,"Frame","Frame",,5.1717,0.0479,0,5.0397,5.1717,2.79053,5.1717,12,2184,0,0
Frame,65,1781696291389928,53912,"Frame","Frame",,6.4231,0.045,0,6.297,6.4231,3.79728,6.4231,12,2184,0,0
Frame,66,1781696291394122,53912,"Frame","Frame",,4.1163,0.0574,0,3.9619,4.1163,2.10454,4.1163,12,2184,0,0
Frame,67,1781696291399840,53912,"Frame","Frame",,5.648,0.0415,0,5.5372,5.648,2.668,5.648,12,2184,0,0
Frame,68,1781696291405047,53912,"Frame","Frame",,5.135,0.0451,0,5.0139,5.135,2.34534,5.135,12,2184,0,0
Frame,69,1781696291410835,53912,"Frame","Frame",,5.7104,0.0435,0,5.587,5.7104,2.38547,5.7104,12,2184,0,0
Frame,70,1781696291416691,53912,"Frame","Frame",,5.752,0.05,0,5.5937,5.752,2.78275,5.752,12,2184,0,0
Frame,71,1781696291424527,53912,"Frame","Frame",,7.7563,0.0485,0,7.6184,7.7563,3.88227,7.7563,12,2184,0,0
Frame,72,1781696291428094,53912,"Frame","Frame",,3.505,0.0489,0,3.3732,3.505,2.08605,3.505,12,2184,0,0
Frame,73,1781696291432042,53912,"Frame","Frame",,3.8887,0.0325,0,3.8048,3.8887,2.64122,3.8887,12,2184,0,0
Frame,74,1781696291435465,53912,"Frame","Frame",,3.357,0.0396,0,3.2536,3.357,2.092,3.357,12,2184,0,0
Frame,75,1781696291438765,53912,"Frame","Frame",,3.241,0.042,0,3.135,3.241,2.15251,3.241,12,2184,0,0
Frame,76,1781696291442547,53912,"Frame","Frame",,3.6913,0.0365,0,3.595,3.6913,2.32896,3.6913,12,2184,0,0
Frame,77,1781696291446782,53912,"Frame","Frame",,4.1579,0.0446,0,4.0341,4.1579,2.14899,4.1579,12,2184,0,0
Frame,78,1781696291450370,53912,"Frame","Frame",,3.5181,0.0472,0,3.3897,3.5181,2.1839,3.5181,12,2184,0,0
Frame,79,1781696291456738,53912,"Frame","Frame",,6.2843,0.0399,0,6.1653,6.2843,3.80352,6.2843,12,2184,0,0
Frame,80,1781696291472326,53912,"Frame","Frame",,15.4629,0.098,0,15.2248,15.4629,2.54461,15.4629,12,2184,0,0
Frame,81,1781696291477593,53912,"Frame","Frame",,5.1914,0.0466,0,5.0629,5.1914,2.3936,5.1914,12,2184,0,0
Frame,82,1781696291483581,53912,"Frame","Frame",,5.9132,0.0444,0,5.7912,5.9132,2.63379,5.9132,12,2184,0,0
Frame,83,1781696291489952,53912,"Frame","Frame",,6.2928,0.0448,0,6.1688,6.2928,3.85094,6.2928,12,2184,0,0
Frame,84,1781696291494104,53912,"Frame","Frame",,4.0801,0.0557,0,3.9377,4.0801,2.15875,4.0801,12,2184,0,0
Frame,85,1781696291499660,53912,"Frame","Frame",,5.493,0.0377,0,5.3939,5.493,2.64202,5.493,12,2184,0,0
Frame,86,1781696291504704,53912,"Frame","Frame",,4.9778,0.042,0,4.8682,4.9778,2.17299,4.9778,12,2184,0,0
Frame,87,1781696291511167,53912,"Frame","Frame",,6.3813,0.041,0,6.2729,6.3813,2.30275,6.3813,12,2184,0,0
Frame,88,1781696291516921,53912,"Frame","Frame",,5.6761,0.0558,0,5.532,5.6761,2.804,5.6761,12,2184,0,0
Frame,89,1781696291524002,53912,"Frame","Frame",,7.0008,0.0445,0,6.8716,7.0008,4.01507,7.0008,12,2184,0,0
Frame,90,1781696291527317,53912,"Frame","Frame",,3.2466,0.065,0,3.075,3.2466,2.16064,3.2466,12,2184,0,0
Frame,91,1781696291531261,53912,"Frame","Frame",,3.8798,0.0356,0,3.7856,3.8798,2.30397,3.8798,12,2184,0,0
Frame,92,1781696291534415,53912,"Frame","Frame",,3.0917,0.0454,0,2.9753,3.0917,2.10096,3.0917,12,2184,0,0
Frame,93,1781696291538204,53912,"Frame","Frame",,3.7228,0.039,0,3.624,3.7228,2.40342,3.7228,12,2184,0,0
Frame,94,1781696291542112,53912,"Frame","Frame",,3.837,0.0445,0,3.7193,3.837,2.31315,3.837,12,2184,0,0
Frame,95,1781696291545821,53912,"Frame","Frame",,3.6305,0.0491,0,3.5029,3.6305,2.16102,3.6305,12,2184,0,0
Frame,96,1781696291549992,53912,"Frame","Frame",,4.1005,0.0525,0,3.9617,4.1005,2.70653,4.1005,12,2184,0,0
Frame,97,1781696291567183,53912,"Frame","Frame",,17.1165,0.041,0,17.0029,17.1165,2.73238,17.1165,12,2184,0,0
Frame,98,1781696291572011,53912,"Frame","Frame",,4.7476,0.0502,0,4.6081,4.7476,2.38682,4.7476,12,2184,0,0
Frame,99,1781696291578182,53912,"Frame","Frame",,6.0893,0.0484,0,5.9564,6.0893,2.43293,6.0893,12,2184,0,0
Frame,100,1781696291583607,53912,"Frame","Frame",,5.3337,0.0506,0,5.1905,5.3337,2.78422,5.3337,12,2184,0,0
Frame,101,1781696291590441,53912,"Frame","Frame",,6.7429,0.0524,0,6.5881,6.7429,3.96282,6.7429,12,2184,0,0
Frame,102,1781696291594737,53912,"Frame","Frame",,4.2061,0.0599,0,4.0411,4.2061,2.40262,4.2061,12,2184,0,0
Frame,103,1781696291598953,53912,"Frame","Frame",,4.1365,0.0539,0,3.9922,4.1365,2.65008,4.1365,12,2184,0,0
Frame,104,1781696291603114,53912,"Frame","Frame",,4.0775,0.0614,0,3.9269,4.0775,2.13862,4.0775,12,2184,0,0
Frame,105,1781696291606855,53912,"Frame","Frame",,3.6548,0.0587,0,3.5009,3.6548,2.16541,3.6548,12,2184,0,0
Frame,106,1781696291611426,53912,"Frame","Frame",,4.4619,0.0634,0,4.2749,4.4619,2.41142,4.4619,12,2184,0,0
Frame,107,1781696291615735,53912,"Frame","Frame",,4.2277,0.0591,0,4.0705,4.2277,2.70106,4.2277,12,2184,0,0
Frame,108,1781696291619972,53912,"Frame","Frame",,4.1491,0.0508,0,4.0075,4.1491,2.07088,4.1491,12,2184,0,0
Frame,109,1781696291625578,53912,"Frame","Frame",,5.5144,0.0648,0,5.3369,5.5144,2.3793,5.5144,12,2184,0,0
Frame,110,1781696291629188,53912,"Frame","Frame",,3.5268,0.0539,0,3.3848,3.5268,2.1895,3.5268,12,2184,0,0
Frame,111,1781696291633700,53912,"Frame","Frame",,4.431,0.0569,0,4.2843,4.431,2.976,4.431,12,2184,0,0
Frame,112,1781696291650391,53912,"Frame","Frame",,16.6144,0.0461,0,16.4872,16.6144,2.67808,16.6144,12,2184,0,0
Frame,113,1781696291657861,53912,"Frame","Frame",,7.3886,0.0484,0,7.2522,7.3886,4.17069,7.3886,12,2184,0,0
Frame,114,1781696291661668,53912,"Frame","Frame",,3.7254,0.0555,0,3.4602,3.7254,2.09763,3.7254,12,2184,0,0
Frame,115,1781696291665847,53912,"Frame","Frame",,4.1058,0.0385,0,4.0033,4.1058,2.72819,4.1058,12,2184,0,0
Frame,116,1781696291669594,53912,"Frame","Frame",,3.6726,0.0463,0,3.549,3.6726,2.31123,3.6726,12,2184,0,0
Frame,117,1781696291672895,53912,"Frame","Frame",,3.2292,0.0495,0,3.1006,3.2292,2.10115,3.2292,12,2184,0,0
Frame,118,1781696291676697,53912,"Frame","Frame",,3.7292,0.0438,0,3.613,3.7292,2.33632,3.7292,12,2184,0,0
Frame,119,1781696291680507,53912,"Frame","Frame",,3.7274,0.0451,0,3.5987,3.7274,2.16518,3.7274,12,2184,0,0
Frame,120,1781696291684037,53912,"Frame","Frame",,3.4579,0.0708,0,3.2835,3.4579,2.23795,3.4579,12,2184,0,0
Frame,121,1781696291690292,53912,"Frame","Frame",,6.1773,0.0361,0,6.0787,6.1773,3.90598,6.1773,12,2184,0,0
Frame,122,1781696291705353,53912,"Frame","Frame",,14.9794,0.056,0,14.8261,14.9794,2.34704,14.9794,12,2184,0,0
Frame,123,1781696291711401,53912,"Frame","Frame",,5.9666,0.0468,0,5.8377,5.9666,2.32886,5.9666,12,2184,0,0
Frame,124,1781696291717040,53912,"Frame","Frame",,5.5579,0.0512,0,5.4178,5.5579,2.7585,5.5579,12,2184,0,0
Frame,125,1781696291723965,53912,"Frame","Frame",,6.8257,0.0481,0,6.6695,6.8257,3.90541,6.8257,12,2184,0,0
Frame,126,1781696291727996,53912,"Frame","Frame",,3.9109,0.1381,0,3.5547,3.9109,2.49318,3.9109,12,2184,0,0
Frame,127,1781696291733408,53912,"Frame","Frame",,5.3146,0.0397,0,5.1971,5.3146,2.32154,5.3146,12,2184,0,0
Frame,128,1781696291738653,53912,"Frame","Frame",,5.0929,0.154,0,4.7438,5.0929,2.71875,5.0929,12,2184,0,0
Frame,129,1781696291742988,53912,"Frame","Frame",,4.2023,0.1229,0,3.8947,4.2023,2.62128,4.2023,12,2184,0,0
Frame,130,1781696291748203,53912,"Frame","Frame",,5.1193,0.0618,0,4.9576,5.1193,2.31715,5.1193,12,2184,0,0
Frame,131,1781696291752735,53912,"Frame","Frame",,4.43,0.0723,0,4.2392,4.43,2.28589,4.43,12,2184,0,0
Frame,132,1781696291758977,53912,"Frame","Frame",,6.1462,0.0578,0,5.9679,6.1462,3.69424,6.1462,12,2184,0,0
Frame,133,1781696291762631,53912,"Frame","Frame",,3.5629,0.0577,0,3.3969,3.5629,2.1192,3.5629,12,2184,0,0
Frame,134,1781696291766986,53912,"Frame","Frame",,4.2306,0.1015,0,3.9701,4.2306,2.89114,4.2306,12,2184,0,0
Frame,135,1781696291770880,53912,"Frame","Frame",,3.8163,0.0458,0,3.6963,3.8163,2.35814,3.8163,12,2184,0,0
Frame,136,1781696291774659,53912,"Frame","Frame",,3.698,0.0491,0,3.5656,3.698,2.11603,3.698,12,2184,0,0
Frame,137,1781696291778362,53912,"Frame","Frame",,3.6228,0.0595,0,3.4681,3.6228,2.12531,3.6228,12,2184,0,0
Frame,138,1781696291783801,53912,"Frame","Frame",,5.3586,0.0492,0,5.2271,5.3586,2.81357,5.3586,12,2184,0,0
Frame,139,1781696291800089,53912,"Frame","Frame",,16.2065,0.0485,0,16.074,16.2065,2.68134,16.2065,12,2184,0,0
Frame,140,1781696291805230,53912,"Frame","Frame",,5.062,0.0471,0,4.9324,5.062,2.32755,5.062,12,2184,0,0
Frame,141,1781696291811052,53912,"Frame","Frame",,5.7398,0.0471,0,5.612,5.7398,2.43638,5.7398,12,2184,0,0
Frame,142,1781696291816801,53912,"Frame","Frame",,5.6654,0.0532,0,5.5175,5.6654,2.72858,5.6654,12,2184,0,0
Frame,143,1781696291823785,53912,"Frame","Frame",,6.89,0.0486,0,6.7394,6.89,4.00573,6.89,12,2184,0,0
Frame,144,1781696291828168,53912,"Frame","Frame",,4.2952,0.0644,0,4.1197,4.2952,2.45034,4.2952,12,2184,0,0
Frame,145,1781696291832841,53912,"Frame","Frame",,4.5964,0.0442,0,4.4766,4.5964,2.98003,4.5964,12,2184,0,0
Frame,146,1781696291836528,53912,"Frame","Frame",,3.6116,0.0501,0,3.4782,3.6116,2.2944,3.6116,12,2184,0,0
Frame,147,1781696291839835,53912,"Frame","Frame",,3.2383,0.048,0,3.1158,3.2383,2.10637,3.2383,12,2184,0,0
Frame,148,1781696291843786,53912,"Frame","Frame",,3.8791,0.0493,0,3.7549,3.8791,2.49376,3.8791,12,2184,0,0
Frame,149,1781696291847981,53912,"Frame","Frame",,4.1168,0.0486,0,3.9869,4.1168,2.34691,4.1168,12,2184,0,0
Frame,150,1781696291851530,53912,"Frame","Frame",,3.468,0.0569,0,3.3171,3.468,2.10378,3.468,12,2184,0,0
Frame,151,1781696291855188,53912,"Frame","Frame",,3.5756,0.0693,0,3.3654,3.5756,2.21043,3.5756,12,2184,0,0
Frame,152,1781696291862519,53912,"Frame","Frame",,7.2173,0.043,0,7.0964,7.2173,3.91638,7.2173,12,2184,0,0
Frame,153,1781696291877884,53912,"Frame","Frame",,15.2789,0.0957,0,15.029,15.2789,2.12832,15.2789,12,2184,0,0
Frame,154,1781696291883823,53912,"Frame","Frame",,5.8568,0.0509,0,5.7135,5.8568,2.70157,5.8568,12,2184,0,0
Frame,155,1781696291890504,53912,"Frame","Frame",,6.5935,0.0493,0,6.4534,6.5935,4.03555,6.5935,12,2184,0,0
Frame,156,1781696291894186,53912,"Frame","Frame",,3.5974,0.1204,0,3.3117,3.5974,2.25293,3.5974,12,2184,0,0
Frame,157,1781696291898002,53912,"Frame","Frame",,3.7372,0.0453,0,3.6155,3.7372,2.35366,3.7372,12,2184,0,0
Frame,158,1781696291901354,53912,"Frame","Frame",,3.2782,0.046,0,3.1565,3.2782,2.12182,3.2782,12,2184,0,0
Frame,159,1781696291905080,53912,"Frame","Frame",,3.6516,0.0563,0,3.5175,3.6516,2.34102,3.6516,12,2184,0,0
Frame,160,1781696291908946,53912,"Frame","Frame",,3.7879,0.045,0,3.6668,3.7879,2.3656,3.7879,12,2184,0,0
Frame,161,1781696291912778,53912,"Frame","Frame",,3.7533,0.0502,0,3.608,3.7533,2.13776,3.7533,12,2184,0,0
Frame,162,1781696291917081,53912,"Frame","Frame",,4.223,0.0566,0,4.0706,4.223,2.60032,4.223,12,2184,0,0
Frame,163,1781696291923614,53912,"Frame","Frame",,6.4455,0.049,0,6.3094,6.4455,3.88826,6.4455,12,2184,0,0
Frame,164,1781696291938712,53912,"Frame","Frame",,15.0135,0.0556,0,14.8561,15.0135,2.35642,15.0135,12,2184,0,0
Frame,165,1781696291944394,53912,"Frame","Frame",,5.6015,0.0477,0,5.4681,5.6015,2.34419,5.6015,12,2184,0,0
Frame,166,1781696291950486,53912,"Frame","Frame",,6.0072,0.0509,0,5.8657,6.0072,2.70954,6.0072,12,2184,0,0
Frame,167,1781696291957564,53912,"Frame","Frame",,6.9948,0.051,0,6.8474,6.9948,3.96829,6.9948,12,2184,0,0
Frame,168,1781696291961011,53912,"Frame","Frame",,3.3759,0.0564,0,3.2272,3.3759,2.11258,3.3759,12,2184,0,0
Frame,169,1781696291965227,53912,"Frame","Frame",,4.1434,0.0367,0,4.0438,4.1434,2.71491,4.1434,12,2184,0,0
Frame,170,1781696291968826,53912,"Frame","Frame",,3.5258,0.046,0,3.4028,3.5258,2.10096,3.5258,12,2184,0,0
Frame,171,1781696291972140,53912,"Frame","Frame",,3.2484,0.0465,0,3.1287,3.2484,2.09008,3.2484,12,2184,0,0
Frame,172,1781696291976295,53912,"Frame","Frame",,4.0834,0.0367,0,3.9839,4.0834,2.33424,4.0834,12,2184,0,0
Frame,173,1781696291980456,53912,"Frame","Frame",,4.076,0.0481,0,3.9307,4.076,2.15427,4.076,12,2184,0,0
Frame,174,1781696291984109,53912,"Frame","Frame",,3.5706,0.0581,0,3.4043,3.5706,2.20205,3.5706,12,2184,0,0
Frame,175,1781696291990292,53912,"Frame","Frame",,6.0954,0.172,0,5.8514,6.0954,3.86413,6.0954,12,2184,0,0
Frame,176,1781696292005251,53912,"Frame","Frame",,14.8649,0.0536,0,14.7154,14.8649,2.33744,14.8649,12,2184,0,0
Frame,177,1781696292011276,53912,"Frame","Frame",,5.9447,0.047,0,5.8138,5.9447,2.08877,5.9447,12,2184,0,0
Frame,178,1781696292017175,53912,"Frame","Frame",,5.8156,0.0508,0,5.6755,5.8156,2.77834,5.8156,12,2184,0,0
Frame,179,1781696292023708,53912,"Frame","Frame",,6.4504,0.0462,0,6.3209,6.4504,3.99552,6.4504,12,2184,0,0
Frame,180,1781696292027799,53912,"Frame","Frame",,4.0087,0.0966,0,3.8044,4.0087,2.20378,4.0087,12,2184,0,0
Frame,181,1781696292032532,53912,"Frame","Frame",,4.6587,0.0442,0,4.5374,4.6587,2.90429,4.6587,12,2184,0,0
Frame,182,1781696292036310,53912,"Frame","Frame",,3.7029,0.0447,0,3.5848,3.7029,2.32726,3.7029,12,2184,0,0
Frame,183,1781696292039704,53912,"Frame","Frame",,3.3212,0.0444,0,3.2018,3.3212,2.16608,3.3212,12,2184,0,0
Frame,184,1781696292043532,53912,"Frame","Frame",,3.7375,0.0648,0,3.5788,3.7375,2.4279,3.7375,12,2184,0,0
Frame,185,1781696292047634,53912,"Frame","Frame",,4.0154,0.0454,0,3.8865,4.0154,2.39766,4.0154,12,2184,0,0
Frame,186,1781696292051076,53912,"Frame","Frame",,3.3621,0.0657,0,3.1953,3.3621,2.18778,3.3621,12,2184,0,0
Frame,187,1781696292057550,53912,"Frame","Frame",,6.3879,0.0408,0,6.27,6.3879,3.89293,6.3879,12,2184,0,0
Frame,188,1781696292071950,53912,"Frame","Frame",,14.2839,0.0994,0,14.0321,14.2839,2.35069,14.2839,12,2184,0,0
Frame,189,1781696292077721,53912,"Frame","Frame",,5.6925,0.0457,0,5.561,5.6925,2.42464,5.6925,12,2184,0,0
Frame,190,1781696292083448,53912,"Frame","Frame",,5.6383,0.05,0,5.4945,5.6383,2.67952,5.6383,12,2184,0,0
Frame,191,1781696292090619,53912,"Frame","Frame",,7.0852,0.0466,0,6.9524,7.0852,3.9159,7.0852,12,2184,0,0
Frame,192,1781696292094463,53912,"Frame","Frame",,3.769,0.0548,0,3.6162,3.769,2.32925,3.769,12,2184,0,0
Frame,193,1781696292098490,53912,"Frame","Frame",,3.9573,0.0393,0,3.8535,3.9573,2.6489,3.9573,12,2184,0,0
Frame,194,1781696292102217,53912,"Frame","Frame",,3.6518,0.0439,0,3.5295,3.6518,2.1209,3.6518,12,2184,0,0
Frame,195,1781696292105662,53912,"Frame","Frame",,3.3799,0.044,0,3.2587,3.3799,2.14339,3.3799,12,2184,0,0
Frame,196,1781696292109599,53912,"Frame","Frame",,3.8652,0.0388,0,3.7605,3.8652,2.35149,3.8652,12,2184,0,0
Frame,197,1781696292114164,53912,"Frame","Frame",,4.478,0.0484,0,4.3427,4.478,2.15939,4.478,12,2184,0,0
Frame,198,1781696292117560,53912,"Frame","Frame",,3.3205,0.0603,0,3.1545,3.3205,2.2137,3.3205,12,2184,0,0
Frame,199,1781696292123644,53912,"Frame","Frame",,6.0015,0.1319,0,5.7958,6.0015,3.8823,6.0015,12,2184,0,0
Frame,200,1781696292138630,53912,"Frame","Frame",,14.8793,0.0566,0,14.7219,14.8793,2.34842,14.8793,12,2184,0,0
Frame,201,1781696292144685,53912,"Frame","Frame",,5.974,0.0465,0,5.8437,5.974,2.07213,5.974,12,2184,0,0
Frame,202,1781696292150247,53912,"Frame","Frame",,5.4788,0.051,0,5.3332,5.4788,2.72467,5.4788,12,2184,0,0
Frame,203,1781696292157134,53912,"Frame","Frame",,6.7964,0.046,0,6.659,6.7964,3.96557,6.7964,12,2184,0,0
Frame,204,1781696292160770,53912,"Frame","Frame",,3.5147,0.1151,0,3.2506,3.5147,2.38832,3.5147,12,2184,0,0
Frame,205,1781696292165040,53912,"Frame","Frame",,4.1998,0.0421,0,4.0889,4.1998,2.3456,4.1998,12,2184,0,0
Frame,206,1781696292169237,53912,"Frame","Frame",,4.1229,0.0487,0,3.9962,4.1229,2.11014,4.1229,12,2184,0,0
Frame,207,1781696292172463,53912,"Frame","Frame",,3.162,0.0503,0,3.0315,3.162,2.09805,3.162,12,2184,0,0
Frame,208,1781696292176632,53912,"Frame","Frame",,4.1001,0.0339,0,4.0084,4.1001,2.3425,4.1001,12,2184,0,0
Frame,209,1781696292180947,53912,"Frame","Frame",,4.2319,0.0497,0,4.0994,4.2319,2.14701,4.2319,12,2184,0,0
Frame,210,1781696292184448,53912,"Frame","Frame",,3.4204,0.0618,0,3.2645,3.4204,2.2721,3.4204,12,2184,0,0
Frame,211,1781696292190414,53912,"Frame","Frame",,5.8795,0.0678,0,5.7157,5.8795,3.87101,5.8795,12,2184,0,0
Frame,212,1781696292205329,53912,"Frame","Frame",,14.8298,0.0506,0,14.6798,14.8298,2.44646,14.8298,12,2184,0,0
Frame,213,1781696292210932,53912,"Frame","Frame",,5.518,0.0471,0,5.3896,5.518,2.37235,5.518,12,2184,0,0
Frame,214,1781696292216668,53912,"Frame","Frame",,5.6576,0.0552,0,5.5182,5.6576,2.63398,5.6576,12,2184,0,0
Frame,215,1781696292223648,53912,"Frame","Frame",,6.8905,0.0451,0,6.7584,6.8905,3.87853,6.8905,12,2184,0,0
Frame,216,1781696292227863,53912,"Frame","Frame",,4.1033,0.0566,0,3.9465,4.1033,2.28173,4.1033,12,2184,0,0
Frame,217,1781696292232318,53912,"Frame","Frame",,4.3794,0.0417,0,4.2616,4.3794,2.86726,4.3794,12,2184,0,0
Frame,218,1781696292236027,53912,"Frame","Frame",,3.6389,0.0432,0,3.5222,3.6389,2.08406,3.6389,12,2184,0,0
Frame,219,1781696292239498,53912,"Frame","Frame",,3.4064,0.0443,0,3.2891,3.4064,2.13728,3.4064,12,2184,0,0
Frame,220,1781696292243338,53912,"Frame","Frame",,3.7655,0.0409,0,3.6515,3.7655,2.39034,3.7655,12,2184,0,0
Frame,221,1781696292247710,53912,"Frame","Frame",,4.2904,0.0468,0,4.1598,4.2904,2.16067,4.2904,12,2184,0,0
Frame,222,1781696292251272,53912,"Frame","Frame",,3.474,0.0619,0,3.3045,3.474,2.16291,3.474,12,2184,0,0
Frame,223,1781696292257645,53912,"Frame","Frame",,6.2517,0.092,0,6.0159,6.2517,3.91357,6.2517,12,2184,0,0
Frame,224,1781696292272011,53912,"Frame","Frame",,14.2817,0.0535,0,14.1322,14.2817,2.36547,14.2817,12,2184,0,0
Frame,225,1781696292278573,53912,"Frame","Frame",,6.4835,0.0476,0,6.351,6.4835,2.12128,6.4835,12,2184,0,0
Frame,226,1781696292283563,53912,"Frame","Frame",,4.9089,0.124,0,4.5129,4.9089,2.93626,4.9089,12,2184,0,0
Frame,227,1781696292290222,53912,"Frame","Frame",,6.5668,0.0439,0,6.4303,6.5668,3.90243,6.5668,12,2184,0,0
Frame,228,1781696292294142,53912,"Frame","Frame",,3.7955,0.0853,0,3.5178,3.7955,2.43635,3.7955,12,2184,0,0
Frame,229,1781696292300285,53912,"Frame","Frame",,6.0629,0.0437,0,5.9426,6.0629,2.87085,6.0629,12,2184,0,0
Frame,230,1781696292305460,53912,"Frame","Frame",,5.0898,0.0523,0,4.9453,5.0898,2.44614,5.0898,12,2184,0,0
Frame,231,1781696292312093,53912,"Frame","Frame",,6.5483,0.0553,0,6.4019,6.5483,2.35507,6.5483,12,2184,0,0
Frame,232,1781696292318338,53912,"Frame","Frame",,6.0626,0.1133,0,5.7751,6.0626,3.08678,6.0626,12,2184,0,0
Frame,233,1781696292324395,53912,"Frame","Frame",,5.9378,0.0971,0,5.6746,5.9378,3.98211,5.9378,12,2184,0,0
Frame,234,1781696292328023,53912,"Frame","Frame",,3.5525,0.0546,0,3.3997,3.5525,2.14634,3.5525,12,2184,0,0
Frame,235,1781696292332377,53912,"Frame","Frame",,4.2778,0.0427,0,4.162,4.2778,2.69574,4.2778,12,2184,0,0
Frame,236,1781696292336014,53912,"Frame","Frame",,3.5557,0.0496,0,3.4185,3.5557,2.1089,3.5557,12,2184,0,0
Frame,237,1781696292339453,53912,"Frame","Frame",,3.3621,0.0508,0,3.2235,3.3621,2.09805,3.3621,12,2184,0,0
Frame,238,1781696292343364,53912,"Frame","Frame",,3.8294,0.0438,0,3.7095,3.8294,2.38662,3.8294,12,2184,0,0
Frame,239,1781696292347193,53912,"Frame","Frame",,3.7445,0.0471,0,3.6137,3.7445,2.15459,3.7445,12,2184,0,0
Frame,240,1781696292350654,53912,"Frame","Frame",,3.3872,0.0622,0,3.2253,3.3872,2.1793,3.3872,12,2184,0,0
Frame,241,1781696292357239,53912,"Frame","Frame",,6.5072,0.0373,0,6.402,6.5072,4.01539,6.5072,12,2184,0,0
Frame,242,1781696292372174,53912,"Frame","Frame",,14.8444,0.0625,0,14.6679,14.8444,2.29162,14.8444,12,2184,0,0
Frame,243,1781696292378237,53912,"Frame","Frame",,5.9824,0.0514,0,5.8419,5.9824,2.34342,5.9824,12,2184,0,0
Frame,244,1781696292383434,53912,"Frame","Frame",,5.1139,0.0507,0,4.9758,5.1139,2.75872,5.1139,12,2184,0,0
Frame,245,1781696292390223,53912,"Frame","Frame",,6.7041,0.0472,0,6.5723,6.7041,3.89837,6.7041,12,2184,0,0
Frame,246,1781696292394133,53912,"Frame","Frame",,3.8258,0.0674,0,3.6579,3.8258,2.34656,3.8258,12,2184,0,0
Frame,247,1781696292400180,53912,"Frame","Frame",,5.9705,0.0476,0,5.842,5.9705,2.85728,5.9705,12,2184,0,0
Frame,248,1781696292405434,53912,"Frame","Frame",,5.1742,0.0496,0,5.0394,5.1742,2.48122,5.1742,12,2184,0,0
Frame,249,1781696292411383,53912,"Frame","Frame",,5.8603,0.0492,0,5.7203,5.8603,2.38986,5.8603,12,2184,0,0
Frame,250,1781696292417197,53912,"Frame","Frame",,5.7297,0.1104,0,5.5139,5.7297,2.74099,5.7297,12,2184,0,0
Frame,251,1781696292423714,53912,"Frame","Frame",,6.4315,0.0548,0,6.286,6.4315,3.93987,6.4315,12,2184,0,0
Frame,252,1781696292427943,53912,"Frame","Frame",,4.1438,0.0563,0,3.9839,4.1438,2.10931,4.1438,12,2184,0,0
Frame,253,1781696292433576,53912,"Frame","Frame",,5.5511,0.0453,0,5.4241,5.5511,2.88678,5.5511,12,2184,0,0
Frame,254,1781696292438896,53912,"Frame","Frame",,5.2416,0.0467,0,5.1109,5.2416,2.66762,5.2416,12,2184,0,0
Frame,255,1781696292445139,53912,"Frame","Frame",,6.1628,0.0485,0,6.0305,6.1628,2.13965,6.1628,12,2184,0,0
Frame,256,1781696292450281,53912,"Frame","Frame",,5.0616,0.0502,0,4.9146,5.0616,2.74186,5.0616,12,2184,0,0
Frame,257,1781696292457066,53912,"Frame","Frame",,6.6954,0.0463,0,6.554,6.6954,3.93939,6.6954,12,2184,0,0
Frame,258,1781696292461113,53912,"Frame","Frame",,3.9606,0.0627,0,3.7658,3.9606,2.37846,3.9606,12,2184,0,0
Frame,259,1781696292465026,53912,"Frame","Frame",,3.8443,0.0439,0,3.729,3.8443,2.62736,3.8443,12,2184,0,0
Frame,260,1781696292468464,53912,"Frame","Frame",,3.3652,0.0405,0,3.2523,3.3652,2.12736,3.3652,12,2184,0,0
Frame,261,1781696292471797,53912,"Frame","Frame",,3.2685,0.0468,0,3.1503,3.2685,2.1344,3.2685,12,2184,0,0
Frame,262,1781696292475734,53912,"Frame","Frame",,3.8671,0.0381,0,3.7662,3.8671,2.31885,3.8671,12,2184,0,0
Frame,263,1781696292479854,53912,"Frame","Frame",,4.0214,0.049,0,3.8745,4.0214,2.17062,4.0214,12,2184,0,0
Frame,264,1781696292483931,53912,"Frame","Frame",,3.9352,0.1143,0,3.642,3.9352,2.67021,3.9352,12,2184,0,0
Frame,265,1781696292490752,53912,"Frame","Frame",,6.743,0.0416,0,6.627,6.743,3.91354,6.743,12,2184,0,0
Frame,266,1781696292505382,53912,"Frame","Frame",,14.5419,0.0557,0,14.3862,14.5419,2.29312,14.5419,12,2184,0,0
Frame,267,1781696292510944,53912,"Frame","Frame",,5.4819,0.0471,0,5.3549,5.4819,2.42742,5.4819,12,2184,0,0
Frame,268,1781696292516859,53912,"Frame","Frame",,5.795,0.0585,0,5.6339,5.795,2.71318,5.795,12,2184,0,0
Frame,269,1781696292523442,53912,"Frame","Frame",,6.4946,0.0449,0,6.3577,6.4946,3.86595,6.4946,12,2184,0,0
Frame,270,1781696292527802,53912,"Frame","Frame",,4.2488,0.1143,0,3.9943,4.2488,2.90704,4.2488,12,2184,0,0
Frame,271,1781696292533710,53912,"Frame","Frame",,5.8358,0.0409,0,5.7255,5.8358,2.78531,5.8358,12,2184,0,0
Frame,272,1781696292538736,53912,"Frame","Frame",,4.9499,0.045,0,4.8292,4.9499,2.68109,4.9499,12,2184,0,0
Frame,273,1781696292544689,53912,"Frame","Frame",,5.8747,0.0464,0,5.7436,5.8747,2.33136,5.8747,12,2184,0,0
Frame,274,1781696292550228,53912,"Frame","Frame",,5.4562,0.0546,0,5.3161,5.4562,2.80435,5.4562,12,2184,0,0
Frame,275,1781696292556787,53912,"Frame","Frame",,6.4737,0.0455,0,6.3454,6.4737,3.89299,6.4737,12,2184,0,0
Frame,276,1781696292560696,53912,"Frame","Frame",,3.8258,0.1144,0,3.5948,3.8258,2.38733,3.8258,12,2184,0,0
Frame,277,1781696292566676,53912,"Frame","Frame",,5.9036,0.0429,0,5.7873,5.9036,2.76621,5.9036,12,2184,0,0
Frame,278,1781696292571797,53912,"Frame","Frame",,5.0446,0.0468,0,4.9185,5.0446,2.41043,5.0446,12,2184,0,0
Frame,279,1781696292577547,53912,"Frame","Frame",,5.6741,0.0439,0,5.5525,5.6741,2.38003,5.6741,12,2184,0,0
Frame,280,1781696292583432,53912,"Frame","Frame",,5.808,0.0549,0,5.6592,5.808,2.75446,5.808,12,2184,0,0
Frame,281,1781696292590175,53912,"Frame","Frame",,6.6503,0.0472,0,6.5094,6.6503,3.89792,6.6503,12,2184,0,0
Frame,282,1781696292594309,53912,"Frame","Frame",,4.0051,0.0555,0,3.8307,4.0051,2.13059,4.0051,12,2184,0,0
Frame,283,1781696292599940,53912,"Frame","Frame",,5.5638,0.0405,0,5.4544,5.5638,2.7608,5.5638,12,2184,0,0
Frame,284,1781696292605287,53912,"Frame","Frame",,5.2674,0.0438,0,5.1445,5.2674,2.40067,5.2674,12,2184,0,0
Frame,285,1781696292610870,53912,"Frame","Frame",,5.4685,0.0495,0,5.3062,5.4685,2.40931,5.4685,12,2184,0,0
Frame,286,1781696292616808,53912,"Frame","Frame",,5.8439,0.0626,0,5.6882,5.8439,2.83898,5.8439,12,2184,0,0
Frame,287,1781696292623797,53912,"Frame","Frame",,6.9073,0.0455,0,6.7787,6.9073,3.93018,6.9073,12,2184,0,0
Frame,288,1781696292627837,53912,"Frame","Frame",,3.9638,0.0552,0,3.8184,3.9638,2.31619,3.9638,12,2184,0,0
Frame,289,1781696292631955,53912,"Frame","Frame",,4.0476,0.0393,0,3.9441,4.0476,2.65251,4.0476,12,2184,0,0
Frame,290,1781696292635694,53912,"Frame","Frame",,3.6542,0.0469,0,3.5262,3.6542,2.10438,3.6542,12,2184,0,0
Frame,291,1781696292639302,53912,"Frame","Frame",,3.5306,0.051,0,3.3883,3.5306,2.12208,3.5306,12,2184,0,0
Frame,292,1781696292643633,53912,"Frame","Frame",,4.2559,0.0443,0,4.1374,4.2559,2.7744,4.2559,12,2184,0,0
Frame,293,1781696292647449,53912,"Frame","Frame",,3.7351,0.0543,0,3.5947,3.7351,2.14592,3.7351,12,2184,0,0
Frame,294,1781696292650857,53912,"Frame","Frame",,3.3398,0.0488,0,3.2047,3.3398,2.1497,3.3398,12,2184,0,0
Frame,295,1781696292657219,53912,"Frame","Frame",,6.2799,0.0348,0,6.1778,6.2799,3.94787,6.2799,12,2184,0,0
Frame,296,1781696292671999,53912,"Frame","Frame",,14.6689,0.0602,0,14.483,14.6689,2.37002,14.6689,12,2184,0,0
Frame,297,1781696292678370,53912,"Frame","Frame",,6.2927,0.0476,0,6.1637,6.2927,2.11405,6.2927,12,2184,0,0
Frame,298,1781696292683398,53912,"Frame","Frame",,4.951,0.0499,0,4.8168,4.951,2.66762,4.951,12,2184,0,0
Frame,299,1781696292689988,53912,"Frame","Frame",,6.5055,0.0448,0,6.3818,6.5055,3.77917,6.5055,12,2184,0,0
Frame,300,1781696292694723,53912,"Frame","Frame",,4.6604,0.0522,0,4.5211,4.6604,2.0769,4.6604,12,2184,0,0
Frame,301,1781696292699717,53912,"Frame","Frame",,4.9257,0.0377,0,4.8237,4.9257,2.63062,4.9257,12,2184,0,0
Frame,302,1781696292704863,53912,"Frame","Frame",,5.0799,0.0426,0,4.9654,5.0799,2.3432,5.0799,12,2184,0,0
Frame,303,1781696292711147,53912,"Frame","Frame",,6.2126,0.0424,0,6.1,6.2126,2.27878,6.2126,12,2184,0,0
Frame,304,1781696292716802,53912,"Frame","Frame",,5.5768,0.0477,0,5.4475,5.5768,2.7471,5.5768,12,2184,0,0
Frame,305,1781696292723258,53912,"Frame","Frame",,6.34,0.046,0,6.2134,6.34,3.85872,6.34,12,2184,0,0
Frame,306,1781696292727106,53912,"Frame","Frame",,3.7704,0.0611,0,3.5772,3.7704,2.35837,3.7704,12,2184,0,0
Frame,307,1781696292733586,53912,"Frame","Frame",,6.4127,0.0388,0,6.3138,6.4127,3.02307,6.4127,12,2184,0,0
Frame,308,1781696292738343,53912,"Frame","Frame",,4.6797,0.0427,0,4.5624,4.6797,2.38269,4.6797,12,2184,0,0
Frame,309,1781696292744614,53912,"Frame","Frame",,6.1828,0.0579,0,6.0245,6.1828,2.80403,6.1828,12,2184,0,0
Frame,310,1781696292750112,53912,"Frame","Frame",,5.4115,0.0489,0,5.2727,5.4115,2.71917,5.4115,12,2184,0,0
Frame,311,1781696292756626,53912,"Frame","Frame",,6.4358,0.0444,0,6.3127,6.4358,3.85075,6.4358,12,2184,0,0
Frame,312,1781696292761020,53912,"Frame","Frame",,4.3215,0.0511,0,4.1805,4.3215,2.12064,4.3215,12,2184,0,0
Frame,313,1781696292766737,53912,"Frame","Frame",,5.6474,0.0415,0,5.5391,5.6474,2.70682,5.6474,12,2184,0,0
Frame,314,1781696292771291,53912,"Frame","Frame",,4.4892,0.0451,0,4.3742,4.4892,2.16893,4.4892,12,2184,0,0
Frame,315,1781696292777720,53912,"Frame","Frame",,6.3458,0.0388,0,6.2416,6.3458,2.18922,6.3458,12,2184,0,0
Frame,316,1781696292783356,53912,"Frame","Frame",,5.554,0.0479,0,5.4171,5.554,2.78874,5.554,12,2184,0,0
Frame,317,1781696292790807,53912,"Frame","Frame",,7.3725,0.0443,0,7.2467,7.3725,3.87472,7.3725,12,2184,0,0
Frame,318,1781696292794373,53912,"Frame","Frame",,3.5009,0.0498,0,3.3657,3.5009,2.08224,3.5009,12,2184,0,0
Frame,319,1781696292798256,53912,"Frame","Frame",,3.8245,0.0328,0,3.7383,3.8245,2.62698,3.8245,12,2184,0,0
Frame,320,1781696292801466,53912,"Frame","Frame",,3.1497,0.0374,0,3.0513,3.1497,2.11165,3.1497,12,2184,0,0
Frame,321,1781696292804592,53912,"Frame","Frame",,3.0702,0.0427,0,2.9512,3.0702,2.12115,3.0702,12,2184,0,0
Frame,322,1781696292808375,53912,"Frame","Frame",,3.7215,0.0316,0,3.6389,3.7215,2.3631,3.7215,12,2184,0,0
Frame,323,1781696292811903,53912,"Frame","Frame",,3.4637,0.0429,0,3.3504,3.4637,2.11078,3.4637,12,2184,0,0
Frame,324,1781696292816672,53912,"Frame","Frame",,4.7001,0.0391,0,4.5952,4.7001,2.69286,4.7001,12,2184,0,0
Frame,325,1781696292833243,53912,"Frame","Frame",,16.4948,0.044,0,16.3754,16.4948,2.60522,16.4948,12,2184,0,0
Frame,326,1781696292838320,53912,"Frame","Frame",,5.0036,0.0451,0,4.8808,5.0036,2.31427,5.0036,12,2184,0,0
Frame,327,1781696292844275,53912,"Frame","Frame",,5.8808,0.043,0,5.7637,5.8808,2.5072,5.8808,12,2184,0,0
Frame,328,1781696292850663,53912,"Frame","Frame",,6.3064,0.0492,0,6.1588,6.3064,3.01197,6.3064,12,2184,0,0
Frame,329,1781696292857671,53912,"Frame","Frame",,6.932,0.0557,0,6.7837,6.932,3.93158,6.932,12,2184,0,0
Frame,330,1781696292861606,53912,"Frame","Frame",,3.8626,0.0486,0,3.7299,3.8626,2.11421,3.8626,12,2184,0,0
Frame,331,1781696292865775,53912,"Frame","Frame",,4.0921,0.0443,0,3.9776,4.0921,2.69126,4.0921,12,2184,0,0
Frame,332,1781696292869357,53912,"Frame","Frame",,3.5074,0.054,0,3.3659,3.5074,2.16096,3.5074,12,2184,0,0
Frame,333,1781696292872619,53912,"Frame","Frame",,3.1976,0.0435,0,3.0819,3.1976,2.07888,3.1976,12,2184,0,0
Frame,334,1781696292876415,53912,"Frame","Frame",,3.7274,0.0458,0,3.6198,3.7274,2.39619,3.7274,12,2184,0,0
Frame,335,1781696292880974,53912,"Frame","Frame",,4.4804,0.0468,0,4.3539,4.4804,2.15219,4.4804,12,2184,0,0
Frame,336,1781696292884330,53912,"Frame","Frame",,3.2854,0.0591,0,3.1369,3.2854,2.16208,3.2854,12,2184,0,0
Frame,337,1781696292890734,53912,"Frame","Frame",,6.3273,0.0399,0,6.216,6.3273,3.9305,6.3273,12,2184,0,0
Frame,338,1781696292905399,53912,"Frame","Frame",,14.5828,0.0496,0,14.437,14.5828,2.38323,14.5828,12,2184,0,0
Frame,339,1781696292911475,53912,"Frame","Frame",,5.9961,0.0466,0,5.86,5.9961,2.34982,5.9961,12,2184,0,0
Frame,340,1781696292916792,53912,"Frame","Frame",,5.2374,0.0474,0,5.1011,5.2374,2.74602,5.2374,12,2184,0,0
Frame,341,1781696292923389,53912,"Frame","Frame",,6.5123,0.0451,0,6.3691,6.5123,3.89555,6.5123,12,2184,0,0
Frame,342,1781696292927766,53912,"Frame","Frame",,4.2948,0.0604,0,4.1392,4.2948,2.31475,4.2948,12,2184,0,0
Frame,343,1781696292933290,53912,"Frame","Frame",,5.4512,0.0426,0,5.3368,5.4512,2.71773,5.4512,12,2184,0,0
Frame,344,1781696292938529,53912,"Frame","Frame",,5.1652,0.0463,0,5.0397,5.1652,2.3705,5.1652,12,2184,0,0
Frame,345,1781696292944328,53912,"Frame","Frame",,5.719,0.0461,0,5.59,5.719,2.46656,5.719,12,2184,0,0
Frame,346,1781696292951625,53912,"Frame","Frame",,7.2025,0.0592,0,7.041,7.2025,3.17456,7.2025,12,2184,0,0
Frame,347,1781696292957183,53912,"Frame","Frame",,5.4634,0.0611,0,5.2876,5.4634,3.83971,5.4634,12,2184,0,0
Frame,348,1781696292960893,53912,"Frame","Frame",,3.5958,0.0975,0,3.3516,3.5958,2.35088,3.5958,12,2184,0,0
Frame,349,1781696292964615,53912,"Frame","Frame",,3.65,0.0414,0,3.5416,3.65,2.34058,3.65,12,2184,0,0
Frame,350,1781696292967773,53912,"Frame","Frame",,3.0962,0.0441,0,2.9841,3.0962,2.07318,3.0962,12,2184,0,0
Frame,351,1781696292971358,53912,"Frame","Frame",,3.5202,0.0399,0,3.4187,3.5202,2.40906,3.5202,12,2184,0,0
Frame,352,1781696292975012,53912,"Frame","Frame",,3.5831,0.0391,0,3.4766,3.5831,2.28803,3.5831,12,2184,0,0
Frame,353,1781696292978602,53912,"Frame","Frame",,3.5204,0.0482,0,3.3943,3.5204,2.1256,3.5204,12,2184,0,0
Frame,354,1781696292983500,53912,"Frame","Frame",,4.8285,0.0361,0,4.7313,4.8285,2.77398,4.8285,12,2184,0,0
Frame,355,1781696293000686,53912,"Frame","Frame",,17.1079,0.0469,0,16.9773,17.1079,3.06067,17.1079,12,2184,0,0
Frame,356,1781696293005443,53912,"Frame","Frame",,4.6749,0.0511,0,4.5384,4.6749,2.48438,4.6749,12,2184,0,0
Frame,357,1781696293010980,53912,"Frame","Frame",,5.4579,0.0476,0,5.3265,5.4579,2.41469,5.4579,12,2184,0,0
Frame,358,1781696293017003,53912,"Frame","Frame",,5.9363,0.0472,0,5.808,5.9363,2.92003,5.9363,12,2184,0,0
Frame,359,1781696293024585,53912,"Frame","Frame",,7.5014,0.0514,0,7.354,7.5014,3.89414,7.5014,12,2184,0,0
Frame,360,1781696293028344,53912,"Frame","Frame",,3.6858,0.0611,0,3.5302,3.6858,2.1751,3.6858,12,2184,0,0
Frame,361,1781696293032597,53912,"Frame","Frame",,4.1781,0.0444,0,4.061,4.1781,2.7359,4.1781,12,2184,0,0
Frame,362,1781696293036577,53912,"Frame","Frame",,3.8999,0.0512,0,3.7636,3.8999,2.28749,3.8999,12,2184,0,0
Frame,363,1781696293041287,53912,"Frame","Frame",,4.6219,0.0514,0,4.4784,4.6219,2.13066,4.6219,12,2184,0,0
Frame,364,1781696293044992,53912,"Frame","Frame",,3.6281,0.0725,0,3.4217,3.6281,2.17939,3.6281,12,2184,0,0
Frame,365,1781696293049797,53912,"Frame","Frame",,4.7243,0.0444,0,4.5949,4.7243,2.74893,4.7243,12,2184,0,0
Frame,366,1781696293054070,53912,"Frame","Frame",,4.1801,0.0622,0,4.0081,4.1801,2.44346,4.1801,12,2184,0,0
Frame,367,1781696293059306,53912,"Frame","Frame",,5.1511,0.0547,0,5.0051,5.1511,2.58461,5.1511,12,2184,0,0
Frame,368,1781696293063348,53912,"Frame","Frame",,3.9591,0.0509,0,3.8159,3.9591,2.16022,3.9591,12,2184,0,0
Frame,369,1781696293067553,53912,"Frame","Frame",,4.1177,0.0688,0,3.9408,4.1177,2.5857,4.1177,12,2184,0,0
Frame,370,1781696293074258,53912,"Frame","Frame",,6.6142,0.0593,0,6.4544,6.6142,2.42426,6.6142,12,2184,0,0
Frame,371,1781696293091477,53912,"Frame","Frame",,17.1297,0.0741,0,16.934,17.1297,4.04234,17.1297,12,2184,0,0
Frame,372,1781696293095612,53912,"Frame","Frame",,4.0482,0.056,0,3.8856,4.0482,2.1624,4.0482,12,2184,0,0
Frame,373,1781696293099869,53912,"Frame","Frame",,4.125,0.094,0,3.8747,4.125,2.81267,4.125,12,2184,0,0
Frame,374,1781696293103822,53912,"Frame","Frame",,3.8663,0.0579,0,3.708,3.8663,2.36912,3.8663,12,2184,0,0
Frame,375,1781696293107428,53912,"Frame","Frame",,3.5201,0.0538,0,3.3705,3.5201,2.10269,3.5201,12,2184,0,0
Frame,376,1781696293111405,53912,"Frame","Frame",,3.8946,0.0567,0,3.7341,3.8946,2.15814,3.8946,12,2184,0,0
Frame,377,1781696293115701,53912,"Frame","Frame",,4.2143,0.0477,0,4.0885,4.2143,2.68858,4.2143,12,2184,0,0
Frame,378,1781696293120087,53912,"Frame","Frame",,4.2986,0.0595,0,4.1401,4.2986,2.20266,4.2986,12,2184,0,0
Frame,379,1781696293123955,53912,"Frame","Frame",,3.7771,0.0599,0,3.6143,3.7771,2.17837,3.7771,12,2184,0,0
Frame,380,1781696293129565,53912,"Frame","Frame",,5.5121,0.0753,0,5.307,5.5121,3.94477,5.5121,12,2184,0,0
Frame,381,1781696293133883,53912,"Frame","Frame",,4.2285,0.0718,0,4.0557,4.2285,2.63408,4.2285,12,2184,0,0
Frame,382,1781696293138734,53912,"Frame","Frame",,4.7704,0.0489,0,4.6392,4.7704,2.37706,4.7704,12,2184,0,0
Frame,383,1781696293157947,53912,"Frame","Frame",,19.1283,0.0498,0,18.9871,19.1283,4.1105,19.1283,12,2184,0,0
Frame,384,1781696293162008,53912,"Frame","Frame",,3.9738,0.0696,0,3.787,3.9738,2.53306,3.9738,12,2184,0,0
Frame,385,1781696293166524,53912,"Frame","Frame",,4.4244,0.0643,0,4.2552,4.4244,2.85472,4.4244,12,2184,0,0
Frame,386,1781696293170503,53912,"Frame","Frame",,3.8947,0.0596,0,3.7438,3.8947,2.3304,3.8947,12,2184,0,0
Frame,387,1781696293174506,53912,"Frame","Frame",,3.9177,0.0518,0,3.7737,3.9177,2.08845,3.9177,12,2184,0,0
Frame,388,1781696293178269,53912,"Frame","Frame",,3.6756,0.0676,0,3.4953,3.6756,2.17904,3.6756,12,2184,0,0
Frame,389,1781696293182789,53912,"Frame","Frame",,4.4398,0.0503,0,4.3087,4.4398,2.79562,4.4398,12,2184,0,0
Frame,390,1781696293188124,53912,"Frame","Frame",,5.2495,0.0622,0,5.0905,5.2495,2.33107,5.2495,12,2184,0,0
Frame,391,1781696293192491,53912,"Frame","Frame",,4.2825,0.0608,0,4.1239,4.2825,2.39027,4.2825,12,2184,0,0
Frame,392,1781696293196238,53912,"Frame","Frame",,3.6602,0.0523,0,3.5209,3.6602,2.16784,3.6602,12,2184,0,0
Frame,393,1781696293200473,53912,"Frame","Frame",,4.1475,0.0596,0,3.989,4.1475,2.61021,4.1475,12,2184,0,0
Frame,394,1781696293205469,53912,"Frame","Frame",,4.9105,0.0506,0,4.7715,4.9105,2.42688,4.9105,12,2184,0,0
Frame,395,1781696293223956,53912,"Frame","Frame",,18.4002,0.0512,0,18.2575,18.4002,3.8856,18.4002,12,2184,0,0
Frame,396,1781696293227762,53912,"Frame","Frame",,3.7192,0.0729,0,3.5282,3.7192,2.17958,3.7192,12,2184,0,0
Frame,397,1781696293231908,53912,"Frame","Frame",,4.0693,0.0475,0,3.9458,4.0693,2.67446,4.0693,12,2184,0,0
Frame,398,1781696293235691,53912,"Frame","Frame",,3.7014,0.0487,0,3.568,3.7014,2.15034,3.7014,12,2184,0,0
Frame,399,1781696293239059,53912,"Frame","Frame",,3.2956,0.054,0,3.148,3.2956,2.13501,3.2956,12,2184,0,0
Frame,400,1781696293243105,53912,"Frame","Frame",,3.9726,0.0352,0,3.8754,3.9726,2.36291,3.9726,12,2184,0,0
Frame,401,1781696293246800,53912,"Frame","Frame",,3.6126,0.0537,0,3.4694,3.6126,2.19722,3.6126,12,2184,0,0
Frame,402,1781696293250767,53912,"Frame","Frame",,3.882,0.0519,0,3.7363,3.882,2.19424,3.882,12,2184,0,0
Frame,403,1781696293258255,53912,"Frame","Frame",,7.4064,0.0503,0,7.2649,7.4064,4.41325,7.4064,12,2184,0,0
Frame,404,1781696293272119,53912,"Frame","Frame",,13.7821,0.0515,0,13.6401,13.7821,2.39946,13.7821,12,2184,0,0
Frame,405,1781696293277821,53912,"Frame","Frame",,5.6229,0.0492,0,5.4853,5.6229,2.51197,5.6229,12,2184,0,0
Frame,406,1781696293283675,53912,"Frame","Frame",,5.7706,0.0479,0,5.6376,5.7706,2.73229,5.7706,12,2184,0,0
Frame,407,1781696293290258,53912,"Frame","Frame",,6.4695,0.0526,0,6.3216,6.4695,3.83149,6.4695,12,2184,0,0
Frame,408,1781696293294552,53912,"Frame","Frame",,4.199,0.0637,0,4.0212,4.199,2.33085,4.199,12,2184,0,0
Frame,409,1781696293298752,53912,"Frame","Frame",,4.1192,0.0512,0,3.9847,4.1192,2.67446,4.1192,12,2184,0,0
Frame,410,1781696293303014,53912,"Frame","Frame",,4.1793,0.0541,0,4.0343,4.1793,2.09482,4.1793,12,2184,0,0
Frame,411,1781696293306574,53912,"Frame","Frame",,3.4729,0.0513,0,3.3286,3.4729,2.10547,3.4729,12,2184,0,0
Frame,412,1781696293310680,53912,"Frame","Frame",,4.0194,0.0576,0,3.8703,4.0194,2.47085,4.0194,12,2184,0,0
Frame,413,1781696293315249,53912,"Frame","Frame",,4.4792,0.0597,0,4.3126,4.4792,2.17811,4.4792,12,2184,0,0
Frame,414,1781696293319952,53912,"Frame","Frame",,4.5679,0.0624,0,4.3854,4.5679,2.16013,4.5679,12,2184,0,0
Frame,415,1781696293325198,53912,"Frame","Frame",,5.1431,0.0685,0,4.94,5.1431,2.73715,5.1431,12,2184,0,0
Frame,416,1781696293328923,53912,"Frame","Frame",,3.6403,0.0517,0,3.5001,3.6403,2.1359,3.6403,12,2184,0,0
Frame,417,1781696293333598,53912,"Frame","Frame",,4.5902,0.0489,0,4.457,4.5902,2.8079,4.5902,12,2184,0,0
Frame,418,1781696293350304,53912,"Frame","Frame",,16.6215,0.0502,0,16.4785,16.6215,2.7801,16.6215,12,2184,0,0
Frame,419,1781696293357308,53912,"Frame","Frame",,6.9132,0.0478,0,6.7748,6.9132,3.86042,6.9132,12,2184,0,0
Frame,420,1781696293361313,53912,"Frame","Frame",,3.9135,0.0598,0,3.7464,3.9135,2.10803,3.9135,12,2184,0,0
Frame,421,1781696293365106,53912,"Frame","Frame",,3.7097,0.0453,0,3.5885,3.7097,2.30739,3.7097,12,2184,0,0
Frame,422,1781696293369433,53912,"Frame","Frame",,4.2462,0.0518,0,4.1118,4.2462,2.09757,4.2462,12,2184,0,0
Frame,423,1781696293372939,53912,"Frame","Frame",,3.4275,0.0614,0,3.2739,3.4275,2.20858,3.4275,12,2184,0,0
Frame,424,1781696293377001,53912,"Frame","Frame",,3.9738,0.0471,0,3.8289,3.9738,2.44602,3.9738,12,2184,0,0
Frame,425,1781696293381120,53912,"Frame","Frame",,4.0316,0.0548,0,3.8856,4.0316,2.3089,4.0316,12,2184,0,0
Frame,426,1781696293385220,53912,"Frame","Frame",,4.0069,0.0628,0,3.8335,4.0069,2.19078,4.0069,12,2184,0,0
Frame,427,1781696293390694,53912,"Frame","Frame",,5.374,0.0818,0,5.1591,5.374,3.7888,5.374,12,2184,0,0
Frame,428,1781696293394280,53912,"Frame","Frame",,3.4999,0.0707,0,3.3125,3.4999,2.17674,3.4999,12,2184,0,0
Frame,429,1781696293400300,53912,"Frame","Frame",,5.9392,0.0447,0,5.8151,5.9392,2.82387,5.9392,12,2184,0,0
Frame,430,1781696293417080,53912,"Frame","Frame",,16.6957,0.0517,0,16.5516,16.6957,2.74266,16.6957,12,2184,0,0
Frame,431,1781696293422202,53912,"Frame","Frame",,5.0374,0.05,0,4.8993,5.0374,2.5255,5.0374,12,2184,0,0
Frame,432,1781696293429310,53912,"Frame","Frame",,7.0207,0.0505,0,6.8799,7.0207,3.91914,7.0207,12,2184,0,0
Frame,433,1781696293433615,53912,"Frame","Frame",,4.2166,0.0628,0,4.0544,4.2166,2.56307,4.2166,12,2184,0,0
Frame,434,1781696293437777,53912,"Frame","Frame",,4.0759,0.0503,0,3.9437,4.0759,2.38045,4.0759,12,2184,0,0
Frame,435,1781696293442122,53912,"Frame","Frame",,4.2629,0.0589,0,4.0901,4.2629,2.14269,4.2629,12,2184,0,0
Frame,436,1781696293445667,53912,"Frame","Frame",,3.4634,0.0565,0,3.2977,3.4634,2.1352,3.4634,12,2184,0,0
Frame,437,1781696293450082,53912,"Frame","Frame",,4.3346,0.0956,0,4.1573,4.3346,2.7921,4.3346,12,2184,0,0
Frame,438,1781696293455149,53912,"Frame","Frame",,4.9884,0.0542,0,4.8482,4.9884,3.52778,4.9884,12,2184,0,0
Frame,439,1781696293459222,53912,"Frame","Frame",,3.9933,0.0511,0,3.8566,3.9933,2.34246,3.9933,12,2184,0,0
Frame,440,1781696293463273,53912,"Frame","Frame",,3.9735,0.0481,0,3.836,3.9735,2.13011,3.9735,12,2184,0,0
Frame,441,1781696293467576,53912,"Frame","Frame",,4.2257,0.0587,0,4.0754,4.2257,2.80435,4.2257,12,2184,0,0
Frame,442,1781696293472208,53912,"Frame","Frame",,4.5527,0.0979,0,4.2885,4.5527,2.42202,4.5527,12,2184,0,0
Frame,443,1781696293490753,53912,"Frame","Frame",,18.4614,0.0478,0,18.3242,18.4614,3.84694,18.4614,12,2184,0,0
Frame,444,1781696293494116,53912,"Frame","Frame",,3.29,0.0649,0,3.1266,3.29,2.16557,3.29,12,2184,0,0
Frame,445,1781696293498317,53912,"Frame","Frame",,4.1335,0.0366,0,4.035,4.1335,2.63309,4.1335,12,2184,0,0
Frame,446,1781696293501908,53912,"Frame","Frame",,3.5175,0.0417,0,3.4024,3.5175,2.14208,3.5175,12,2184,0,0
Frame,447,1781696293505390,53912,"Frame","Frame",,3.4029,0.0475,0,3.2773,3.4029,2.25386,3.4029,12,2184,0,0
Frame,448,1781696293509381,53912,"Frame","Frame",,3.915,0.0635,0,3.7659,3.915,2.38845,3.915,12,2184,0,0
Frame,449,1781696293513288,53912,"Frame","Frame",,3.8306,0.0463,0,3.7037,3.8306,2.19379,3.8306,12,2184,0,0
Frame,450,1781696293517339,53912,"Frame","Frame",,3.9794,0.0483,0,3.8513,3.9794,2.37072,3.9794,12,2184,0,0
Frame,451,1781696293523387,53912,"Frame","Frame",,5.9628,0.0384,0,5.8491,5.9628,3.78099,5.9628,12,2184,0,0
Frame,452,1781696293539084,53912,"Frame","Frame",,15.6061,0.0638,0,15.4361,15.6061,2.3088,15.6061,12,2184,0,0
Frame,453,1781696293544668,53912,"Frame","Frame",,5.494,0.0509,0,5.3517,5.494,2.31162,5.494,12,2184,0,0
Frame,454,1781696293550014,53912,"Frame","Frame",,5.2688,0.0457,0,5.1417,5.2688,2.74829,5.2688,12,2184,0,0
Frame,455,1781696293556718,53912,"Frame","Frame",,6.6222,0.0465,0,6.4919,6.6222,3.82269,6.6222,12,2184,0,0
Frame,456,1781696293561046,53912,"Frame","Frame",,4.2449,0.0568,0,4.0938,4.2449,2.54742,4.2449,12,2184,0,0
Frame,457,1781696293567186,53912,"Frame","Frame",,6.055,0.0487,0,5.9165,6.055,3.00109,6.055,12,2184,0,0
Frame,458,1781696293572150,53912,"Frame","Frame",,4.8808,0.0613,0,4.7274,4.8808,2.35565,4.8808,12,2184,0,0
Frame,459,1781696293577579,53912,"Frame","Frame",,5.3465,0.0485,0,5.2123,5.3465,2.42304,5.3465,12,2184,0,0
Frame,460,1781696293583629,53912,"Frame","Frame",,5.9672,0.0485,0,5.833,5.9672,2.74682,5.9672,12,2184,0,0
Frame,461,1781696293588660,53912,"Frame","Frame",,4.9477,0.0498,0,4.8127,4.9477,2.45568,4.9477,12,2184,0,0
Frame,462,1781696293595615,53912,"Frame","Frame",,6.8687,0.0483,0,6.7364,6.8687,3.74275,6.8687,12,2184,0,0
Frame,463,1781696293600014,53912,"Frame","Frame",,4.313,0.0549,0,4.1601,4.313,2.75347,4.313,12,2184,0,0
Frame,464,1781696293605386,53912,"Frame","Frame",,5.2888,0.0506,0,5.1342,5.2888,2.3687,5.2888,12,2184,0,0
Frame,465,1781696293610917,53912,"Frame","Frame",,5.4517,0.0478,0,5.3241,5.4517,2.44285,5.4517,12,2184,0,0
Frame,466,1781696293616767,53912,"Frame","Frame",,5.7683,0.0499,0,5.6328,5.7683,2.75094,5.7683,12,2184,0,0
Frame,467,1781696293623513,53912,"Frame","Frame",,6.6481,0.0478,0,6.5089,6.6481,3.89078,6.6481,12,2184,0,0
Frame,468,1781696293627566,53912,"Frame","Frame",,3.9455,0.082,0,3.7171,3.9455,2.4616,3.9455,12,2184,0,0
Frame,469,1781696293633675,53912,"Frame","Frame",,6.0237,0.0499,0,5.8875,6.0237,2.74109,6.0237,12,2184,0,0
Frame,470,1781696293638883,53912,"Frame","Frame",,5.124,0.0512,0,4.98,5.124,2.41712,5.124,12,2184,0,0
Frame,471,1781696293644442,53912,"Frame","Frame",,5.4755,0.0508,0,5.3382,5.4755,2.40067,5.4755,12,2184,0,0
Frame,472,1781696293650043,53912,"Frame","Frame",,5.5187,0.0477,0,5.387,5.5187,2.76768,5.5187,12,2184,0,0
Frame,473,1781696293656906,53912,"Frame","Frame",,6.776,0.0523,0,6.6238,6.776,3.80826,6.776,12,2184,0,0
Frame,474,1781696293660840,53912,"Frame","Frame",,3.8476,0.0665,0,3.6587,3.8476,2.43322,3.8476,12,2184,0,0
Frame,475,1781696293667375,53912,"Frame","Frame",,6.4577,0.0437,0,6.3375,6.4577,2.90714,6.4577,12,2184,0,0
Frame,476,1781696293672074,53912,"Frame","Frame",,4.6205,0.0501,0,4.4872,4.6205,2.56794,4.6205,12,2184,0,0
Frame,477,1781696293677929,53912,"Frame","Frame",,5.7796,0.0449,0,5.6559,5.7796,2.12675,5.7796,12,2184,0,0
Frame,478,1781696293683202,53912,"Frame","Frame",,5.1978,0.0447,0,5.076,5.1978,2.73328,5.1978,12,2184,0,0
Frame,479,1781696293690263,53912,"Frame","Frame",,6.9814,0.0456,0,6.851,6.9814,3.7985,6.9814,12,2184,0,0
Frame,480,1781696293694270,53912,"Frame","Frame",,3.9294,0.0554,0,3.7759,3.9294,2.3455,3.9294,12,2184,0,0
Frame,481,1781696293698137,53912,"Frame","Frame",,3.8002,0.0366,0,3.7053,3.8002,2.58694,3.8002,12,2184,0,0
Frame,482,1781696293701773,53912,"Frame","Frame",,3.5654,0.0422,0,3.4529,3.5654,2.09136,3.5654,12,2184,0,0
Frame,483,1781696293705587,53912,"Frame","Frame",,3.7359,0.0519,0,3.5956,3.7359,2.38192,3.7359,12,2184,0,0
Frame,484,1781696293709481,53912,"Frame","Frame",,3.819,0.0413,0,3.7074,3.819,2.32269,3.819,12,2184,0,0
Frame,485,1781696293712932,53912,"Frame","Frame",,3.374,0.0491,0,3.2385,3.374,2.16675,3.374,12,2184,0,0
Frame,486,1781696293717113,53912,"Frame","Frame",,4.1109,0.0508,0,3.9864,4.1109,2.85366,4.1109,12,2184,0,0
Frame,487,1781696293723511,53912,"Frame","Frame",,6.3113,0.0402,0,6.1984,6.3113,3.87834,6.3113,12,2184,0,0
Frame,488,1781696293738955,53912,"Frame","Frame",,15.2858,0.0992,0,15.0296,15.2858,2.49904,15.2858,12,2184,0,0
Frame,489,1781696293745369,53912,"Frame","Frame",,6.3299,0.055,0,6.1793,6.3299,2.49686,6.3299,12,2184,0,0
Frame,490,1781696293750505,53912,"Frame","Frame",,5.0503,0.0751,0,4.8469,5.0503,2.91328,5.0503,12,2184,0,0
Frame,491,1781696293757321,53912,"Frame","Frame",,6.7308,0.0462,0,6.5905,6.7308,3.91309,6.7308,12,2184,0,0
Frame,492,1781696293761122,53912,"Frame","Frame",,3.6733,0.0667,0,3.4991,3.6733,2.33309,3.6733,12,2184,0,0
Frame,493,1781696293765454,53912,"Frame","Frame",,4.2563,0.0411,0,4.1469,4.2563,2.69206,4.2563,12,2184,0,0
Frame,494,1781696293769427,53912,"Frame","Frame",,3.8913,0.0538,0,3.7484,3.8913,2.12954,3.8913,12,2184,0,0
Frame,495,1781696293772891,53912,"Frame","Frame",,3.384,0.0603,0,3.2125,3.384,2.14877,3.384,12,2184,0,0
Frame,496,1781696293776917,53912,"Frame","Frame",,3.9485,0.0447,0,3.8327,3.9485,2.50442,3.9485,12,2184,0,0
Frame,497,1781696293781585,53912,"Frame","Frame",,4.5831,0.0489,0,4.4479,4.5831,2.38352,4.5831,12,2184,0,0
Frame,498,1781696293785088,53912,"Frame","Frame",,3.4157,0.0632,0,3.2439,3.4157,2.17078,3.4157,12,2184,0,0
Frame,499,1781696293790322,53912,"Frame","Frame",,5.1436,0.0542,0,4.9851,5.1436,3.67834,5.1436,12,2184,0,0
Frame,500,1781696293794030,53912,"Frame","Frame",,3.6299,0.0669,0,3.4601,3.6299,2.39222,3.6299,12,2184,0,0
Frame,501,1781696293802879,53912,"Frame","Frame",,8.7681,0.0424,0,8.6256,8.7681,2.69485,8.7681,12,2184,0,0
Frame,502,1781696293817307,53912,"Frame","Frame",,14.3344,0.0642,0,14.0654,14.3344,2.8112,14.3344,12,2184,0,0
Frame,503,1781696293823644,53912,"Frame","Frame",,6.2276,0.0742,0,6.0268,6.2276,3.86058,6.2276,12,2184,0,0
Frame,504,1781696293827482,53912,"Frame","Frame",,3.7563,0.0664,0,3.5799,3.7563,2.41021,3.7563,12,2184,0,0
Frame,505,1781696293831306,53912,"Frame","Frame",,3.7499,0.0456,0,3.6289,3.7499,2.3408,3.7499,12,2184,0,0
Frame,506,1781696293834773,53912,"Frame","Frame",,3.3912,0.046,0,3.2695,3.3912,2.09098,3.3912,12,2184,0,0
Frame,507,1781696293838473,53912,"Frame","Frame",,3.6242,0.053,0,3.4831,3.6242,2.32115,3.6242,12,2184,0,0
Frame,508,1781696293842578,53912,"Frame","Frame",,4.0275,0.0483,0,3.902,4.0275,2.36259,4.0275,12,2184,0,0
Frame,509,1781696293846139,53912,"Frame","Frame",,3.4814,0.0543,0,3.3372,3.4814,2.1225,3.4814,12,2184,0,0
Frame,510,1781696293850395,53912,"Frame","Frame",,4.1766,0.0614,0,4.0207,4.1766,2.62691,4.1766,12,2184,0,0
Frame,511,1781696293857217,53912,"Frame","Frame",,6.7366,0.0541,0,6.5903,6.7366,3.74102,6.7366,12,2184,0,0
Frame,512,1781696293873026,53912,"Frame","Frame",,15.7215,0.0575,0,15.5565,15.7215,2.76691,15.7215,12,2184,0,0
Frame,513,1781696293877916,53912,"Frame","Frame",,4.8103,0.0507,0,4.6737,4.8103,2.65475,4.8103,12,2184,0,0
Frame,514,1781696293883525,53912,"Frame","Frame",,5.5257,0.0486,0,5.3945,5.5257,2.73306,5.5257,12,2184,0,0
Frame,515,1781696293890240,53912,"Frame","Frame",,6.6273,0.0503,0,6.4802,6.6273,3.74275,6.6273,12,2184,0,0
Frame,516,1781696293894350,53912,"Frame","Frame",,4.0304,0.0543,0,3.8703,4.0304,2.09309,4.0304,12,2184,0,0
Frame,517,1781696293900008,53912,"Frame","Frame",,5.5766,0.0436,0,5.4601,5.5766,2.69661,5.5766,12,2184,0,0
Frame,518,1781696293905495,53912,"Frame","Frame",,5.3995,0.0575,0,5.2517,5.3995,2.3409,5.3995,12,2184,0,0
Frame,519,1781696293911267,53912,"Frame","Frame",,5.6922,0.0491,0,5.5594,5.6922,2.42726,5.6922,12,2184,0,0
Frame,520,1781696293916912,53912,"Frame","Frame",,5.564,0.0483,0,5.4307,5.564,2.84698,5.564,12,2184,0,0
Frame,521,1781696293923427,53912,"Frame","Frame",,6.4264,0.0504,0,6.2889,6.4264,3.79008,6.4264,12,2184,0,0
Frame,522,1781696293927423,53912,"Frame","Frame",,3.9134,0.0565,0,3.7599,3.9134,2.41328,3.9134,12,2184,0,0
Frame,523,1781696293933482,53912,"Frame","Frame",,5.9744,0.0455,0,5.8499,5.9744,2.72819,5.9744,12,2184,0,0
Frame,524,1781696293938641,53912,"Frame","Frame",,5.0773,0.0528,0,4.9292,5.0773,2.41926,5.0773,12,2184,0,0
Frame,525,1781696293944234,53912,"Frame","Frame",,5.5142,0.0473,0,5.3857,5.5142,2.42826,5.5142,12,2184,0,0
Frame,526,1781696293951261,53912,"Frame","Frame",,6.9314,0.0494,0,6.7917,6.9314,2.79651,6.9314,12,2184,0,0
Frame,527,1781696293956941,53912,"Frame","Frame",,5.5616,0.0626,0,5.3807,5.5616,3.88394,5.5616,12,2184,0,0
Frame,528,1781696293961081,53912,"Frame","Frame",,4.0532,0.0686,0,3.8646,4.0532,2.4831,4.0532,12,2184,0,0
Frame,529,1781696293965206,53912,"Frame","Frame",,4.0407,0.0497,0,3.9109,4.0407,2.37181,4.0407,12,2184,0,0
Frame,530,1781696293968959,53912,"Frame","Frame",,3.6742,0.0501,0,3.5408,3.6742,2.16714,3.6742,12,2184,0,0
Frame,531,1781696293972359,53912,"Frame","Frame",,3.3259,0.0544,0,3.1814,3.3259,2.09069,3.3259,12,2184,0,0
Frame,532,1781696293976437,53912,"Frame","Frame",,3.9978,0.0435,0,3.8821,3.9978,2.44074,3.9978,12,2184,0,0
Frame,533,1781696293981819,53912,"Frame","Frame",,5.2952,0.0506,0,5.1495,5.2952,2.13178,5.2952,12,2184,0,0
Frame,534,1781696293986420,53912,"Frame","Frame",,4.4832,0.0682,0,4.2834,4.4832,2.25632,4.4832,12,2184,0,0
Frame,535,1781696293991799,53912,"Frame","Frame",,5.2958,0.0597,0,5.1174,5.2958,2.12768,5.2958,12,2184,0,0
Frame,536,1781696293995244,53912,"Frame","Frame",,3.3537,0.0516,0,3.2199,3.3537,2.0879,3.3537,12,2184,0,0
Frame,537,1781696294000340,53912,"Frame","Frame",,5.0241,0.0358,0,4.9272,5.0241,2.68646,5.0241,12,2184,0,0
Frame,538,1781696294017205,53912,"Frame","Frame",,16.7772,0.0553,0,16.632,16.7772,2.79085,16.7772,12,2184,0,0
Frame,539,1781696294023596,53912,"Frame","Frame",,6.2893,0.0678,0,6.1108,6.2893,3.76221,6.2893,12,2184,0,0
Frame,540,1781696294027542,53912,"Frame","Frame",,3.8678,0.0533,0,3.7225,3.8678,2.28864,3.8678,12,2184,0,0
Frame,541,1781696294031371,53912,"Frame","Frame",,3.7568,0.0413,0,3.6456,3.7568,2.30976,3.7568,12,2184,0,0
Frame,542,1781696294034681,53912,"Frame","Frame",,3.2374,0.0619,0,3.0995,3.2374,2.09706,3.2374,12,2184,0,0
Frame,543,1781696294038426,53912,"Frame","Frame",,3.6724,0.0479,0,3.5492,3.6724,2.34531,3.6724,12,2184,0,0
Frame,544,1781696294042831,53912,"Frame","Frame",,4.3234,0.0497,0,4.1938,4.3234,2.65965,4.3234,12,2184,0,0
Frame,545,1781696294046492,53912,"Frame","Frame",,3.5788,0.0516,0,3.4344,3.5788,2.23539,3.5788,12,2184,0,0
Frame,546,1781696294050407,53912,"Frame","Frame",,3.8397,0.0594,0,3.6901,3.8397,2.58947,3.8397,12,2184,0,0
Frame,547,1781696294056946,53912,"Frame","Frame",,6.4587,0.0423,0,6.3409,6.4587,3.64979,6.4587,12,2184,0,0
Frame,548,1781696294072070,53912,"Frame","Frame",,15.0196,0.072,0,14.8404,15.0196,2.30176,15.0196,12,2184,0,0
Frame,549,1781696294078375,53912,"Frame","Frame",,6.2238,0.0488,0,6.0908,6.2238,2.34352,6.2238,12,2184,0,0
Frame,550,1781696294083767,53912,"Frame","Frame",,5.3139,0.0502,0,5.1453,5.3139,3.03059,5.3139,12,2184,0,0
Frame,551,1781696294090217,53912,"Frame","Frame",,6.36,0.0448,0,6.238,6.36,3.80771,6.36,12,2184,0,0
Frame,552,1781696294094323,53912,"Frame","Frame",,4.0319,0.058,0,3.885,4.0319,2.35078,4.0319,12,2184,0,0
Frame,553,1781696294098306,53912,"Frame","Frame",,3.9121,0.0384,0,3.8089,3.9121,2.65142,3.9121,12,2184,0,0
Frame,554,1781696294102169,53912,"Frame","Frame",,3.7894,0.0435,0,3.6739,3.7894,2.10307,3.7894,12,2184,0,0
Frame,555,1781696294105490,53912,"Frame","Frame",,3.2545,0.0576,0,3.1083,3.2545,2.11642,3.2545,12,2184,0,0
Frame,556,1781696294109480,53912,"Frame","Frame",,3.9218,0.0363,0,3.8252,3.9218,2.31744,3.9218,12,2184,0,0
Frame,557,1781696294113081,53912,"Frame","Frame",,3.5283,0.0467,0,3.4049,3.5283,2.15123,3.5283,12,2184,0,0
Frame,558,1781696294116986,53912,"Frame","Frame",,3.8378,0.0534,0,3.702,3.8378,2.60685,3.8378,12,2184,0,0
Frame,559,1781696294123210,53912,"Frame","Frame",,6.1476,0.0396,0,6.0391,6.1476,3.76736,6.1476,12,2184,0,0
Frame,560,1781696294138766,53912,"Frame","Frame",,15.4722,0.0543,0,15.3237,15.4722,2.43149,15.4722,12,2184,0,0
Frame,561,1781696294144821,53912,"Frame","Frame",,5.9733,0.054,0,5.8263,5.9733,2.4969,5.9733,12,2184,0,0
Frame,562,1781696294150170,53912,"Frame","Frame",,5.2711,0.0487,0,5.1376,5.2711,2.8599,5.2711,12,2184,0,0
Frame,563,1781696294156596,53912,"Frame","Frame",,6.3434,0.0465,0,6.2161,6.3434,3.79754,6.3434,12,2184,0,0
Frame,564,1781696294160756,53912,"Frame","Frame",,4.0819,0.06,0,3.925,4.0819,2.47443,4.0819,12,2184,0,0
Frame,565,1781696294166848,53912,"Frame","Frame",,6.009,0.0434,0,5.8894,6.009,2.67478,6.009,12,2184,0,0
Frame,566,1781696294171763,53912,"Frame","Frame",,4.8314,0.0477,0,4.695,4.8314,2.36224,4.8314,12,2184,0,0
Frame,567,1781696294177894,53912,"Frame","Frame",,6.0486,0.0466,0,5.919,6.0486,2.47674,6.0486,12,2184,0,0
Frame,568,1781696294183748,53912,"Frame","Frame",,5.7757,0.0487,0,5.6396,5.7757,3.06205,5.7757,12,2184,0,0
Frame,569,1781696294189918,53912,"Frame","Frame",,6.0847,0.0478,0,5.9503,6.0847,3.75437,6.0847,12,2184,0,0
Frame,570,1781696294193980,53912,"Frame","Frame",,3.9788,0.0556,0,3.8283,3.9788,2.36112,3.9788,12,2184,0,0
Frame,571,1781696294199801,53912,"Frame","Frame",,5.744,0.0431,0,5.6289,5.744,2.61293,5.744,12,2184,0,0
Frame,572,1781696294205157,53912,"Frame","Frame",,5.2739,0.0471,0,5.1453,5.2739,2.36518,5.2739,12,2184,0,0
Frame,573,1781696294210889,53912,"Frame","Frame",,5.6547,0.0465,0,5.5296,5.6547,2.28746,5.6547,12,2184,0,0
Frame,574,1781696294216758,53912,"Frame","Frame",,5.7867,0.0499,0,5.6549,5.7867,2.77834,5.7867,12,2184,0,0
Frame,575,1781696294223302,53912,"Frame","Frame",,6.4596,0.0472,0,6.3271,6.4596,3.7807,6.4596,12,2184,0,0
Frame,576,1781696294227848,53912,"Frame","Frame",,4.4667,0.0584,0,4.3083,4.4667,2.30509,4.4667,12,2184,0,0
Frame,577,1781696294233198,53912,"Frame","Frame",,5.2742,0.0426,0,5.1599,5.2742,2.65552,5.2742,12,2184,0,0
Frame,578,1781696294238423,53912,"Frame","Frame",,5.1468,0.0458,0,5.0217,5.1468,2.35318,5.1468,12,2184,0,0
Frame,579,1781696294244230,53912,"Frame","Frame",,5.7246,0.0477,0,5.5927,5.7246,2.39469,5.7246,12,2184,0,0
Frame,580,1781696294250246,53912,"Frame","Frame",,5.9348,0.0502,0,5.7974,5.9348,2.79795,5.9348,12,2184,0,0
Frame,581,1781696294257149,53912,"Frame","Frame",,6.8027,0.05,0,6.6488,6.8027,3.83312,6.8027,12,2184,0,0
Frame,582,1781696294260832,53912,"Frame","Frame",,3.5408,0.128,0,3.2509,3.5408,2.40998,3.5408,12,2184,0,0
Frame,583,1781696294264652,53912,"Frame","Frame",,3.75,0.0405,0,3.6418,3.75,2.29181,3.75,12,2184,0,0
Frame,584,1781696294268764,53912,"Frame","Frame",,4.03,0.0551,0,3.886,4.03,2.12147,4.03,12,2184,0,0
Frame,585,1781696294272306,53912,"Frame","Frame",,3.4616,0.0575,0,3.2933,3.4616,2.1688,3.4616,12,2184,0,0
Frame,586,1781696294276521,53912,"Frame","Frame",,4.137,0.0535,0,3.9943,4.137,2.38822,4.137,12,2184,0,0
Frame,587,1781696294280764,53912,"Frame","Frame",,4.1591,0.0522,0,4.0095,4.1591,2.14694,4.1591,12,2184,0,0
Frame,588,1781696294284515,53912,"Frame","Frame",,3.6622,0.0578,0,3.4933,3.6622,2.10922,3.6622,12,2184,0,0
Frame,589,1781696294289421,53912,"Frame","Frame",,4.8159,0.1157,0,4.5514,4.8159,2.77363,4.8159,12,2184,0,0
Frame,590,1781696294305585,53912,"Frame","Frame",,16.0799,0.0684,0,15.9141,16.0799,2.43488,16.0799,12,2184,0,0
Frame,591,1781696294311114,53912,"Frame","Frame",,5.4471,0.0559,0,5.3005,5.4471,2.43066,5.4471,12,2184,0,0
Frame,592,1781696294316828,53912,"Frame","Frame",,5.6303,0.0499,0,5.4886,5.6303,2.80048,5.6303,12,2184,0,0
Frame,593,1781696294321980,53912,"Frame","Frame",,5.0724,0.0474,0,4.9397,5.0724,2.41014,5.0724,12,2184,0,0
Frame,594,1781696294327695,53912,"Frame","Frame",,5.6359,0.049,0,5.5035,5.6359,2.47552,5.6359,12,2184,0,0
Frame,595,1781696294335031,53912,"Frame","Frame",,7.2504,0.0507,0,7.1072,7.2504,4.18838,7.2504,12,2184,0,0
Frame,596,1781696294338517,53912,"Frame","Frame",,3.4056,0.0603,0,3.2265,3.4056,2.12976,3.4056,12,2184,0,0
Frame,597,1781696294342502,53912,"Frame","Frame",,3.907,0.0432,0,3.7894,3.907,2.32694,3.907,12,2184,0,0
Frame,598,1781696294346313,53912,"Frame","Frame",,3.7302,0.0472,0,3.5975,3.7302,2.17942,3.7302,12,2184,0,0
Frame,599,1781696294350540,53912,"Frame","Frame",,4.1461,0.0543,0,3.9983,4.1461,2.66419,4.1461,12,2184,0,0
Frame,600,1781696294355888,53912,"Frame","Frame",,5.2666,0.0497,0,5.1333,5.2666,3.78403,5.2666,12,2184,0,0
Frame,601,1781696294360181,53912,"Frame","Frame",,4.2126,0.0531,0,4.0689,4.2126,2.36464,4.2126,12,2184,0,0
Frame,602,1781696294363828,53912,"Frame","Frame",,3.5692,0.0541,0,3.411,3.5692,2.10682,3.5692,12,2184,0,0
Frame,603,1781696294367344,53912,"Frame","Frame",,3.4395,0.0491,0,3.3091,3.4395,2.10342,3.4395,12,2184,0,0
Frame,604,1781696294371847,53912,"Frame","Frame",,4.4251,0.0495,0,4.2968,4.4251,2.21949,4.4251,12,2184,0,0
Frame,605,1781696294390501,53912,"Frame","Frame",,18.5671,0.0475,0,18.429,18.5671,3.87411,18.5671,12,2184,0,0
Frame,606,1781696294394370,53912,"Frame","Frame",,3.7815,0.0661,0,3.6074,3.7815,2.09853,3.7815,12,2184,0,0
Frame,607,1781696294398551,53912,"Frame","Frame",,4.1046,0.0481,0,3.977,4.1046,2.64851,4.1046,12,2184,0,0
Frame,608,1781696294402382,53912,"Frame","Frame",,3.7487,0.0528,0,3.6038,3.7487,2.12339,3.7487,12,2184,0,0
Frame,609,1781696294406000,53912,"Frame","Frame",,3.5103,0.0613,0,3.3365,3.5103,2.1751,3.5103,12,2184,0,0
Frame,610,1781696294410031,53912,"Frame","Frame",,3.9536,0.0487,0,3.8303,3.9536,2.3648,3.9536,12,2184,0,0
Frame,611,1781696294415165,53912,"Frame","Frame",,5.0453,0.0523,0,4.898,5.0453,2.11901,5.0453,12,2184,0,0
Frame,612,1781696294419156,53912,"Frame","Frame",,3.8716,0.0828,0,3.6456,3.8716,2.13821,3.8716,12,2184,0,0
Frame,613,1781696294425343,53912,"Frame","Frame",,6.0505,0.116,0,5.7473,6.0505,3.76662,6.0505,12,2184,0,0
Frame,614,1781696294429065,53912,"Frame","Frame",,3.633,0.063,0,3.4646,3.633,2.12627,3.633,12,2184,0,0
Frame,615,1781696294434961,53912,"Frame","Frame",,5.7758,0.0708,0,5.5224,5.7758,3.85194,5.7758,12,2184,0,0
Frame,616,1781696294450800,53912,"Frame","Frame",,15.7483,0.0657,0,15.5674,15.7483,2.94547,15.7483,12,2184,0,0
Frame,617,1781696294460202,53912,"Frame","Frame",,9.3036,0.0807,0,9.1139,9.3036,3.93885,9.3036,12,2184,0,0
Frame,618,1781696294465105,53912,"Frame","Frame",,4.7559,0.121,0,4.4455,4.7559,2.23795,4.7559,12,2184,0,0
Frame,619,1781696294470619,53912,"Frame","Frame",,5.3783,0.1022,0,5.0931,5.3783,2.62397,5.3783,12,2184,0,0
Frame,620,1781696294476317,53912,"Frame","Frame",,5.5606,0.1191,0,5.1866,5.5606,2.41357,5.5606,12,2184,0,0
Frame,621,1781696294481731,53912,"Frame","Frame",,5.3237,0.0809,0,5.1022,5.3237,2.29677,5.3237,12,2184,0,0
Frame,622,1781696294485493,53912,"Frame","Frame",,3.668,0.0729,0,3.4712,3.668,2.16634,3.668,12,2184,0,0
Frame,623,1781696294491326,53912,"Frame","Frame",,5.7436,0.0852,0,5.5143,5.7436,3.93235,5.7436,12,2184,0,0
Frame,624,1781696294495277,53912,"Frame","Frame",,3.8688,0.0562,0,3.7135,3.8688,2.12534,3.8688,12,2184,0,0
Frame,625,1781696294499869,53912,"Frame","Frame",,4.5047,0.0567,0,4.3587,4.5047,2.7831,4.5047,12,2184,0,0
Frame,626,1781696294503728,53912,"Frame","Frame",,3.7603,0.0585,0,3.5923,3.7603,2.4159,3.7603,12,2184,0,0
Frame,627,1781696294507892,53912,"Frame","Frame",,4.0763,0.0513,0,3.9305,4.0763,2.09773,4.0763,12,2184,0,0
Frame,628,1781696294511912,53912,"Frame","Frame",,3.9161,0.0816,0,3.7084,3.9161,2.12061,3.9161,12,2184,0,0
Frame,629,1781696294516694,53912,"Frame","Frame",,4.6973,0.0547,0,4.5598,4.6973,2.85693,4.6973,12,2184,0,0
Frame,630,1781696294521433,53912,"Frame","Frame",,4.6384,0.0659,0,4.4478,4.6384,2.68957,4.6384,12,2184,0,0
Frame,631,1781696294525953,53912,"Frame","Frame",,4.4146,0.0708,0,4.2296,4.4146,2.57766,4.4146,12,2184,0,0
Frame,632,1781696294530464,53912,"Frame","Frame",,4.4166,0.0551,0,4.2523,4.4166,2.16109,4.4166,12,2184,0,0
Frame,633,1781696294536034,53912,"Frame","Frame",,5.4502,0.0881,0,5.2174,5.4502,2.17795,5.4502,12,2184,0,0
Frame,634,1781696294540093,53912,"Frame","Frame",,3.9399,0.0766,0,3.7006,3.9399,2.21488,3.9399,12,2184,0,0
Frame,635,1781696294546847,53912,"Frame","Frame",,6.647,0.1085,0,6.3313,6.647,2.65274,6.647,12,2184,0,0
Frame,636,1781696294561587,53912,"Frame","Frame",,14.5597,0.0741,0,14.342,14.5597,2.53584,14.5597,12,2184,0,0
Frame,637,1781696294567182,53912,"Frame","Frame",,5.5082,0.0569,0,5.3401,5.5082,2.7791,5.5082,12,2184,0,0
Frame,638,1781696294572343,53912,"Frame","Frame",,5.0773,0.053,0,4.9191,5.0773,2.38077,5.0773,12,2184,0,0
Frame,639,1781696294577693,53912,"Frame","Frame",,5.2647,0.0494,0,5.1243,5.2647,2.41478,5.2647,12,2184,0,0
Frame,640,1781696294584145,53912,"Frame","Frame",,6.3677,0.0554,0,6.2137,6.3677,2.80886,6.3677,12,2184,0,0
Frame,641,1781696294590613,53912,"Frame","Frame",,6.3744,0.0583,0,6.2149,6.3744,4.08371,6.3744,12,2184,0,0
Frame,642,1781696294594439,53912,"Frame","Frame",,3.7345,0.0754,0,3.5123,3.7345,2.27264,3.7345,12,2184,0,0
Frame,643,1781696294598690,53912,"Frame","Frame",,4.1679,0.0587,0,4.0109,4.1679,2.63664,4.1679,12,2184,0,0
Frame,644,1781696294602785,53912,"Frame","Frame",,4.0122,0.0612,0,3.8543,4.0122,2.25315,4.0122,12,2184,0,0
Frame,645,1781696294606252,53912,"Frame","Frame",,3.3793,0.055,0,3.2306,3.3793,2.10352,3.3793,12,2184,0,0
Frame,646,1781696294610401,53912,"Frame","Frame",,4.0679,0.049,0,3.9255,4.0679,2.41008,4.0679,12,2184,0,0
Frame,647,1781696294614717,53912,"Frame","Frame",,4.2296,0.059,0,4.07,4.2296,2.40694,4.2296,12,2184,0,0
Frame,648,1781696294618557,53912,"Frame","Frame",,3.7414,0.0615,0,3.5554,3.7414,2.23917,3.7414,12,2184,0,0
Frame,649,1781696294624861,53912,"Frame","Frame",,6.1982,0.0859,0,5.9659,6.1982,3.8055,6.1982,12,2184,0,0
Frame,650,1781696294628404,53912,"Frame","Frame",,3.4668,0.0562,0,3.3197,3.4668,2.1351,3.4668,12,2184,0,0
Frame,651,1781696294633842,53912,"Frame","Frame",,5.3538,0.0484,0,5.2276,5.3538,2.86938,5.3538,12,2184,0,0
Frame,652,1781696294650309,53912,"Frame","Frame",,16.3797,0.0562,0,16.2248,16.3797,2.74125,16.3797,12,2184,0,0
Frame,653,1781696294657190,53912,"Frame","Frame",,6.7911,0.0603,0,6.6333,6.7911,3.95757,6.7911,12,2184,0,0
Frame,654,1781696294661038,53912,"Frame","Frame",,3.7574,0.0754,0,3.5462,3.7574,2.27616,3.7574,12,2184,0,0
Frame,655,1781696294665012,53912,"Frame","Frame",,3.8924,0.0521,0,3.7491,3.8924,2.34438,3.8924,12,2184,0,0
Frame,656,1781696294669039,53912,"Frame","Frame",,3.9426,0.061,0,3.7815,3.9426,2.13712,3.9426,12,2184,0,0
Frame,657,1781696294672983,53912,"Frame","Frame",,3.8599,0.0629,0,3.6865,3.8599,2.19056,3.8599,12,2184,0,0
Frame,658,1781696294677525,53912,"Frame","Frame",,4.4581,0.0652,0,4.3009,4.4581,2.44925,4.4581,12,2184,0,0
Frame,659,1781696294682008,53912,"Frame","Frame",,4.3946,0.0644,0,4.2301,4.3946,2.37446,4.3946,12,2184,0,0
Frame,660,1781696294686068,53912,"Frame","Frame",,3.9684,0.0653,0,3.7948,3.9684,2.30176,3.9684,12,2184,0,0
Frame,661,1781696294692192,53912,"Frame","Frame",,6.0317,0.0741,0,5.8459,6.0317,3.98819,6.0317,12,2184,0,0
Frame,662,1781696294695852,53912,"Frame","Frame",,3.5741,0.0613,0,3.4147,3.5741,2.14259,3.5741,12,2184,0,0
Frame,663,1781696294700596,53912,"Frame","Frame",,4.6562,0.0634,0,4.4945,4.6562,2.80672,4.6562,12,2184,0,0
Frame,664,1781696294705491,53912,"Frame","Frame",,4.8098,0.0574,0,4.6499,4.8098,2.38973,4.8098,12,2184,0,0
Frame,665,1781696294724312,53912,"Frame","Frame",,18.7389,0.0501,0,18.5938,18.7389,3.96224,18.7389,12,2184,0,0
Frame,666,1781696294728030,53912,"Frame","Frame",,3.6331,0.0717,0,3.4567,3.6331,2.17136,3.6331,12,2184,0,0
Frame,667,1781696294733062,53912,"Frame","Frame",,4.9256,0.0583,0,4.7673,4.9256,2.34579,4.9256,12,2184,0,0
Frame,668,1781696294737227,53912,"Frame","Frame",,4.0402,0.0641,0,3.7972,4.0402,2.49005,4.0402,12,2184,0,0
Frame,669,1781696294742462,53912,"Frame","Frame",,5.1405,0.0683,0,4.9451,5.1405,2.21123,5.1405,12,2184,0,0
Frame,670,1781696294746478,53912,"Frame","Frame",,3.9229,0.0612,0,3.7522,3.9229,2.15398,3.9229,12,2184,0,0
Frame,671,1781696294751147,53912,"Frame","Frame",,4.5741,0.0636,0,4.3911,4.5741,2.74832,4.5741,12,2184,0,0
Frame,672,1781696294757628,53912,"Frame","Frame",,6.3799,0.0717,0,6.1666,6.3799,4.00288,6.3799,12,2184,0,0
Frame,673,1781696294761444,53912,"Frame","Frame",,3.7086,0.0701,0,3.5115,3.7086,2.1929,3.7086,12,2184,0,0
Frame,674,1781696294765723,53912,"Frame","Frame",,4.1941,0.0486,0,4.0589,4.1941,2.64451,4.1941,12,2184,0,0
Frame,675,1781696294769666,53912,"Frame","Frame",,3.8566,0.0589,0,3.6958,3.8566,2.20602,3.8566,12,2184,0,0
Frame,676,1781696294773448,53912,"Frame","Frame",,3.6823,0.059,0,3.5227,3.6823,2.11843,3.6823,12,2184,0,0
Frame,677,1781696294778091,53912,"Frame","Frame",,4.5535,0.0634,0,4.3787,4.5535,2.39533,4.5535,12,2184,0,0
Frame,678,1781696294794604,53912,"Frame","Frame",,16.4237,0.0521,0,16.2752,16.4237,2.45302,16.4237,12,2184,0,0
Frame,679,1781696294800491,53912,"Frame","Frame",,5.7961,0.058,0,5.6291,5.7961,2.80378,5.7961,12,2184,0,0
Frame,680,1781696294805487,53912,"Frame","Frame",,4.9096,0.0543,0,4.7612,4.9096,2.19715,4.9096,12,2184,0,0
Frame,681,1781696294811210,53912,"Frame","Frame",,5.6403,0.0493,0,5.5049,5.6403,2.44515,5.6403,12,2184,0,0
Frame,682,1781696294816945,53912,"Frame","Frame",,5.6533,0.0499,0,5.513,5.6533,2.75149,5.6533,12,2184,0,0
Frame,683,1781696294823553,53912,"Frame","Frame",,6.5172,0.0508,0,6.3579,6.5172,3.85283,6.5172,12,2184,0,0
Frame,684,1781696294827518,53912,"Frame","Frame",,3.8706,0.0698,0,3.6848,3.8706,2.40467,3.8706,12,2184,0,0
Frame,685,1781696294831441,53912,"Frame","Frame",,3.8378,0.0495,0,3.7076,3.8378,2.35946,3.8378,12,2184,0,0
Frame,686,1781696294835420,53912,"Frame","Frame",,3.8924,0.0575,0,3.7376,3.8924,2.20589,3.8924,12,2184,0,0
Frame,687,1781696294839289,53912,"Frame","Frame",,3.7845,0.0686,0,3.6035,3.7845,2.29158,3.7845,12,2184,0,0
Frame,688,1781696294843476,53912,"Frame","Frame",,4.1053,0.0565,0,3.9576,4.1053,2.3551,4.1053,12,2184,0,0
Frame,689,1781696294847299,53912,"Frame","Frame",,3.733,0.055,0,3.5794,3.733,2.1295,3.733,12,2184,0,0
Frame,690,1781696294850954,53912,"Frame","Frame",,3.5712,0.0661,0,3.401,3.5712,2.23824,3.5712,12,2184,0,0
Frame,691,1781696294856982,53912,"Frame","Frame",,5.9408,0.0504,0,5.7953,5.9408,3.90726,5.9408,12,2184,0,0
Frame,692,1781696294872162,53912,"Frame","Frame",,15.0861,0.0583,0,14.9232,15.0861,2.39664,15.0861,12,2184,0,0
Frame,693,1781696294878192,53912,"Frame","Frame",,5.9494,0.0503,0,5.8107,5.9494,2.13133,5.9494,12,2184,0,0
Frame,694,1781696294883629,53912,"Frame","Frame",,5.35,0.0511,0,5.2094,5.35,2.8281,5.35,12,2184,0,0
Frame,695,1781696294890300,53912,"Frame","Frame",,6.5762,0.0551,0,6.4213,6.5762,3.8281,6.5762,12,2184,0,0
Frame,696,1781696294894535,53912,"Frame","Frame",,4.1421,0.0677,0,3.961,4.1421,2.6936,4.1421,12,2184,0,0
Frame,697,1781696294898707,53912,"Frame","Frame",,4.0885,0.0502,0,3.9542,4.0885,2.64797,4.0885,12,2184,0,0
Frame,698,1781696294902769,53912,"Frame","Frame",,3.974,0.0533,0,3.8306,3.974,2.13565,3.974,12,2184,0,0
Frame,699,1781696294906294,53912,"Frame","Frame",,3.4066,0.0915,0,3.1812,3.4066,2.14413,3.4066,12,2184,0,0
Frame,700,1781696294910467,53912,"Frame","Frame",,4.0938,0.0464,0,3.9733,4.0938,2.45888,4.0938,12,2184,0,0
Frame,701,1781696294914631,53912,"Frame","Frame",,4.0705,0.0654,0,3.9019,4.0705,2.37696,4.0705,12,2184,0,0
Frame,702,1781696294919332,53912,"Frame","Frame",,4.59,0.0692,0,4.3878,4.59,2.22294,4.59,12,2184,0,0
Frame,703,1781696294924973,53912,"Frame","Frame",,5.5048,0.1063,0,5.2306,5.5048,3.18035,5.5048,12,2184,0,0
Frame,704,1781696294928694,53912,"Frame","Frame",,3.6496,0.0525,0,3.5099,3.6496,2.11053,3.6496,12,2184,0,0
Frame,705,1781696294933653,53912,"Frame","Frame",,4.8843,0.0786,0,4.6914,4.8843,2.70515,4.8843,12,2184,0,0
Frame,706,1781696294950330,53912,"Frame","Frame",,16.5944,0.0518,0,16.4507,16.5944,2.85363,16.5944,12,2184,0,0
Frame,707,1781696294957004,53912,"Frame","Frame",,6.58,0.05,0,6.4371,6.58,3.82685,6.58,12,2184,0,0
Frame,708,1781696294960991,53912,"Frame","Frame",,3.8843,0.0926,0,3.6484,3.8843,2.41376,3.8843,12,2184,0,0
Frame,709,1781696294964842,53912,"Frame","Frame",,3.7748,0.0491,0,3.6453,3.7748,2.316,3.7748,12,2184,0,0
Frame,710,1781696294968985,53912,"Frame","Frame",,4.0606,0.0573,0,3.9189,4.0606,2.16454,4.0606,12,2184,0,0
Frame,711,1781696294972568,53912,"Frame","Frame",,3.5088,0.0625,0,3.3517,3.5088,2.14432,3.5088,12,2184,0,0
Frame,712,1781696294976503,53912,"Frame","Frame",,3.8557,0.0413,0,3.7439,3.8557,2.36118,3.8557,12,2184,0,0
Frame,713,1781696294980991,53912,"Frame","Frame",,4.3969,0.0547,0,4.2479,4.3969,2.1657,4.3969,12,2184,0,0
Frame,714,1781696294985628,53912,"Frame","Frame",,4.5315,0.0655,0,4.3431,4.5315,2.27194,4.5315,12,2184,0,0
Frame,715,1781696294992002,53912,"Frame","Frame",,6.218,0.1422,0,5.8533,6.218,3.81114,6.218,12,2184,0,0
Frame,716,1781696294995693,53912,"Frame","Frame",,3.6053,0.055,0,3.4508,3.6053,2.11149,3.6053,12,2184,0,0
Frame,717,1781696295000478,53912,"Frame","Frame",,4.7004,0.0556,0,4.5484,4.7004,2.93146,4.7004,12,2184,0,0
Frame,718,1781696295017254,53912,"Frame","Frame",,16.6837,0.0508,0,16.5195,16.6837,2.81024,16.6837,12,2184,0,0
Frame,719,1781696295022060,53912,"Frame","Frame",,4.7146,0.0495,0,4.5763,4.7146,2.39632,4.7146,12,2184,0,0
Frame,720,1781696295027633,53912,"Frame","Frame",,5.4778,0.0556,0,5.3281,5.4778,2.42832,5.4778,12,2184,0,0
Frame,721,1781696295035015,53912,"Frame","Frame",,7.2935,0.0528,0,7.1433,7.2935,4.12602,7.2935,12,2184,0,0
Frame,722,1781696295038680,53912,"Frame","Frame",,3.5769,0.0666,0,3.3937,3.5769,2.1496,3.5769,12,2184,0,0
Frame,723,1781696295042648,53912,"Frame","Frame",,3.8815,0.0505,0,3.7411,3.8815,2.29933,3.8815,12,2184,0,0
Frame,724,1781696295046439,53912,"Frame","Frame",,3.7021,0.0601,0,3.5398,3.7021,2.16176,3.7021,12,2184,0,0
Frame,725,1781696295050606,53912,"Frame","Frame",,4.0774,0.058,0,3.9209,4.0774,2.60192,4.0774,12,2184,0,0
Frame,726,1781696295055985,53912,"Frame","Frame",,5.2959,0.0505,0,5.1616,5.2959,3.83901,5.2959,12,2184,0,0
Frame,727,1781696295060234,53912,"Frame","Frame",,4.1627,0.0541,0,4.0115,4.1627,2.35872,4.1627,12,2184,0,0
Frame,728,1781696295064066,53912,"Frame","Frame",,3.7335,0.0771,0,3.5358,3.7335,2.15117,3.7335,12,2184,0,0
Frame,729,1781696295067523,53912,"Frame","Frame",,3.3856,0.0479,0,3.2589,3.3856,2.07882,3.3856,12,2184,0,0
Frame,730,1781696295072052,53912,"Frame","Frame",,4.4512,0.079,0,4.2529,4.4512,2.42685,4.4512,12,2184,0,0
Frame,731,1781696295090650,53912,"Frame","Frame",,18.51,0.0467,0,18.3765,18.51,3.80771,18.51,12,2184,0,0
Frame,732,1781696295094670,53912,"Frame","Frame",,3.9385,0.0579,0,3.7779,3.9385,2.54374,3.9385,12,2184,0,0
Frame,733,1781696295098825,53912,"Frame","Frame",,4.0782,0.0427,0,3.9588,4.0782,2.65776,4.0782,12,2184,0,0
Frame,734,1781696295102773,53912,"Frame","Frame",,3.8664,0.0535,0,3.7229,3.8664,2.168,3.8664,12,2184,0,0
Frame,735,1781696295106632,53912,"Frame","Frame",,3.7686,0.0596,0,3.6057,3.7686,2.17146,3.7686,12,2184,0,0
Frame,736,1781696295110714,53912,"Frame","Frame",,3.9853,0.0659,0,3.807,3.9853,2.56915,3.9853,12,2184,0,0
Frame,737,1781696295114584,53912,"Frame","Frame",,3.7871,0.0542,0,3.6463,3.7871,2.27136,3.7871,12,2184,0,0
Frame,738,1781696295118196,53912,"Frame","Frame",,3.5285,0.0605,0,3.3706,3.5285,2.2289,3.5285,12,2184,0,0
Frame,739,1781696295123596,53912,"Frame","Frame",,5.3125,0.0742,0,5.1328,5.3125,3.84083,5.3125,12,2184,0,0
Frame,740,1781696295127512,53912,"Frame","Frame",,3.8352,0.0599,0,3.6804,3.8352,2.44506,3.8352,12,2184,0,0
Frame,741,1781696295144762,53912,"Frame","Frame",,17.1724,0.045,0,17.0486,17.1724,2.11165,17.1724,12,2184,0,0
Frame,742,1781696295150183,53912,"Frame","Frame",,5.3389,0.0522,0,5.2002,5.3389,2.73872,5.3389,12,2184,0,0
Frame,743,1781696295156675,53912,"Frame","Frame",,6.4037,0.0464,0,6.2722,6.4037,3.78957,6.4037,12,2184,0,0
Frame,744,1781696295160844,53912,"Frame","Frame",,4.0701,0.1149,0,3.7006,4.0701,2.40912,4.0701,12,2184,0,0
Frame,745,1781696295166753,53912,"Frame","Frame",,5.8326,0.044,0,5.7121,5.8326,2.77738,5.8326,12,2184,0,0
Frame,746,1781696295171999,53912,"Frame","Frame",,5.1611,0.0486,0,5.0253,5.1611,2.34298,5.1611,12,2184,0,0
Frame,747,1781696295177587,53912,"Frame","Frame",,5.5083,0.0472,0,5.3789,5.5083,2.4295,5.5083,12,2184,0,0
Frame,748,1781696295183686,53912,"Frame","Frame",,6.02,0.0513,0,5.8806,6.02,2.76688,6.02,12,2184,0,0
Frame,749,1781696295190609,53912,"Frame","Frame",,6.8413,0.0482,0,6.7058,6.8413,3.76234,6.8413,12,2184,0,0
Frame,750,1781696295194800,53912,"Frame","Frame",,4.0811,0.0897,0,3.8755,4.0811,2.20902,4.0811,12,2184,0,0
Frame,751,1781696295199554,53912,"Frame","Frame",,4.6698,0.0485,0,4.4846,4.6698,3.00163,4.6698,12,2184,0,0
Frame,752,1781696295203505,53912,"Frame","Frame",,3.8682,0.0601,0,3.718,3.8682,2.35274,3.8682,12,2184,0,0
Frame,753,1781696295206937,53912,"Frame","Frame",,3.3393,0.0507,0,3.2031,3.3393,2.08848,3.3393,12,2184,0,0
Frame,754,1781696295210899,53912,"Frame","Frame",,3.8607,0.0842,0,3.6417,3.8607,2.42918,3.8607,12,2184,0,0
Frame,755,1781696295214701,53912,"Frame","Frame",,3.7193,0.0485,0,3.5865,3.7193,2.31536,3.7193,12,2184,0,0
Frame,756,1781696295218671,53912,"Frame","Frame",,3.8558,0.0613,0,3.6942,3.8558,2.23114,3.8558,12,2184,0,0
Frame,757,1781696295224519,53912,"Frame","Frame",,5.7527,0.0734,0,5.5406,5.7527,3.80496,5.7527,12,2184,0,0
Frame,758,1781696295227846,53912,"Frame","Frame",,3.2562,0.057,0,3.0979,3.2562,2.12563,3.2562,12,2184,0,0
Frame,759,1781696295233420,53912,"Frame","Frame",,5.4965,0.0372,0,5.395,5.4965,2.67882,5.4965,12,2184,0,0
Frame,760,1781696295250257,53912,"Frame","Frame",,16.7596,0.0498,0,16.6264,16.7596,2.70387,16.7596,12,2184,0,0
Frame,761,1781696295256515,53912,"Frame","Frame",,6.1672,0.0469,0,6.0386,6.1672,3.69302,6.1672,12,2184,0,0
Frame,762,1781696295260689,53912,"Frame","Frame",,4.0429,0.0855,0,3.8568,4.0429,2.3697,4.0429,12,2184,0,0
Frame,763,1781696295266840,53912,"Frame","Frame",,6.0768,0.0459,0,5.9461,6.0768,2.68794,6.0768,12,2184,0,0
Frame,764,1781696295271826,53912,"Frame","Frame",,4.9082,0.0451,0,4.781,4.9082,2.38246,4.9082,12,2184,0,0
Frame,765,1781696295277465,53912,"Frame","Frame",,5.5638,0.0472,0,5.4354,5.5638,2.39677,5.5638,12,2184,0,0
Frame,766,1781696295283345,53912,"Frame","Frame",,5.8048,0.0471,0,5.6739,5.8048,2.76019,5.8048,12,2184,0,0
Frame,767,1781696295289953,53912,"Frame","Frame",,6.5277,0.047,0,6.3976,6.5277,3.78963,6.5277,12,2184,0,0
Frame,768,1781696295294103,53912,"Frame","Frame",,4.0621,0.0571,0,3.8985,4.0621,2.45955,4.0621,12,2184,0,0
Frame,769,1781696295299976,53912,"Frame","Frame",,5.7947,0.0441,0,5.6722,5.7947,2.69837,5.7947,12,2184,0,0
Frame,770,1781696295306295,53912,"Frame","Frame",,6.2358,0.0517,0,6.0899,6.2358,2.62736,6.2358,12,2184,0,0
Frame,771,1781696295311229,53912,"Frame","Frame",,4.8511,0.0546,0,4.7008,4.8511,2.43494,4.8511,12,2184,0,0
Frame,772,1781696295317286,53912,"Frame","Frame",,5.9736,0.0491,0,5.8324,5.9736,2.77142,5.9736,12,2184,0,0
Frame,773,1781696295323948,53912,"Frame","Frame",,6.5631,0.052,0,6.4044,6.5631,3.8673,6.5631,12,2184,0,0
Frame,774,1781696295328155,53912,"Frame","Frame",,4.0746,0.1589,0,3.7391,4.0746,2.61306,4.0746,12,2184,0,0
Frame,775,1781696295332372,53912,"Frame","Frame",,4.1416,0.0474,0,4.0224,4.1416,2.67827,4.1416,12,2184,0,0
Frame,776,1781696295336204,53912,"Frame","Frame",,3.7532,0.0534,0,3.6125,3.7532,2.1577,3.7532,12,2184,0,0
Frame,777,1781696295339871,53912,"Frame","Frame",,3.5845,0.0542,0,3.4382,3.5845,2.10947,3.5845,12,2184,0,0
Frame,778,1781696295343846,53912,"Frame","Frame",,3.8753,0.0473,0,3.7426,3.8753,2.46451,3.8753,12,2184,0,0
Frame,779,1781696295347721,53912,"Frame","Frame",,3.7952,0.0479,0,3.6645,3.7952,2.33082,3.7952,12,2184,0,0
Frame,780,1781696295351269,53912,"Frame","Frame",,3.4737,0.0535,0,3.3336,3.4737,2.10707,3.4737,12,2184,0,0
Frame,781,1781696295357047,53912,"Frame","Frame",,5.685,0.0474,0,5.5512,5.685,3.92806,5.685,12,2184,0,0
Frame,782,1781696295372120,53912,"Frame","Frame",,14.9843,0.0572,0,14.828,14.9843,2.40579,14.9843,12,2184,0,0
Frame,783,1781696295377622,53912,"Frame","Frame",,5.4219,0.0484,0,5.2889,5.4219,2.41226,5.4219,12,2184,0,0
Frame,784,1781696295383693,53912,"Frame","Frame",,5.986,0.0485,0,5.8463,5.986,2.78902,5.986,12,2184,0,0
Frame,785,1781696295391328,53912,"Frame","Frame",,7.5431,0.0526,0,7.3987,7.5431,4.16224,7.5431,12,2184,0,0
Frame,786,1781696295394988,53912,"Frame","Frame",,3.5713,0.064,0,3.3952,3.5713,2.19466,3.5713,12,2184,0,0
Frame,787,1781696295399502,53912,"Frame","Frame",,4.4369,0.0458,0,4.3123,4.4369,2.71226,4.4369,12,2184,0,0
Frame,788,1781696295403481,53912,"Frame","Frame",,3.8984,0.0546,0,3.7554,3.8984,2.33082,3.8984,12,2184,0,0
Frame,789,1781696295407251,53912,"Frame","Frame",,3.6808,0.0524,0,3.5318,3.6808,2.12288,3.6808,12,2184,0,0
Frame,790,1781696295410846,53912,"Frame","Frame",,3.5124,0.067,0,3.3188,3.5124,2.18739,3.5124,12,2184,0,0
Frame,791,1781696295414605,53912,"Frame","Frame",,3.6906,0.0376,0,3.5904,3.6906,2.30208,3.6906,12,2184,0,0
Frame,792,1781696295418520,53912,"Frame","Frame",,3.8326,0.051,0,3.6958,3.8326,2.12298,3.8326,12,2184,0,0
Frame,793,1781696295424269,53912,"Frame","Frame",,5.6597,0.0659,0,5.4686,5.6597,3.71933,5.6597,12,2184,0,0
Frame,794,1781696295427849,53912,"Frame","Frame",,3.5075,0.0503,0,3.3714,3.5075,2.20394,3.5075,12,2184,0,0
Frame,795,1781696295433693,53912,"Frame","Frame",,5.7673,0.0425,0,5.6556,5.7673,2.88253,5.7673,12,2184,0,0
Frame,796,1781696295450493,53912,"Frame","Frame",,16.7206,0.0471,0,16.5912,16.7206,2.74122,16.7206,12,2184,0,0
Frame,797,1781696295457149,53912,"Frame","Frame",,6.569,0.0475,0,6.4309,6.569,3.87267,6.569,12,2184,0,0
Frame,798,1781696295461064,53912,"Frame","Frame",,3.8084,0.0631,0,3.6216,3.8084,2.4521,3.8084,12,2184,0,0
Frame,799,1781696295464866,53912,"Frame","Frame",,3.7236,0.0446,0,3.6057,3.7236,2.31773,3.7236,12,2184,0,0
Frame,800,1781696295469100,53912,"Frame","Frame",,4.1525,0.0524,0,4.0156,4.1525,2.16029,4.1525,12,2184,0,0
Frame,801,1781696295472331,53912,"Frame","Frame",,3.1673,0.0518,0,3.0324,3.1673,2.08458,3.1673,12,2184,0,0
Frame,802,1781696295476520,53912,"Frame","Frame",,4.1177,0.0339,0,4.0255,4.1177,2.3415,4.1177,12,2184,0,0
Frame,803,1781696295480258,53912,"Frame","Frame",,3.6618,0.0498,0,3.5313,3.6618,2.10406,3.6618,12,2184,0,0
Frame,804,1781696295483876,53912,"Frame","Frame",,3.5475,0.0509,0,3.4125,3.5475,2.1936,3.5475,12,2184,0,0
Frame,805,1781696295489940,53912,"Frame","Frame",,5.9809,0.0397,0,5.8679,5.9809,3.8081,5.9809,12,2184,0,0
Frame,806,1781696295505641,53912,"Frame","Frame",,15.6095,0.0509,0,15.4676,15.6095,2.67891,15.6095,12,2184,0,0
Frame,807,1781696295511114,53912,"Frame","Frame",,5.3928,0.0501,0,5.2539,5.3928,2.50355,5.3928,12,2184,0,0
Frame,808,1781696295516782,53912,"Frame","Frame",,5.5881,0.0473,0,5.46,5.5881,2.7673,5.5881,12,2184,0,0
Frame,809,1781696295523662,53912,"Frame","Frame",,6.7887,0.0469,0,6.6418,6.7887,3.97341,6.7887,12,2184,0,0
Frame,810,1781696295527432,53912,"Frame","Frame",,3.6371,0.1197,0,3.3462,3.6371,2.44067,3.6371,12,2184,0,0
Frame,811,1781696295532337,53912,"Frame","Frame",,4.8314,0.0404,0,4.7109,4.8314,2.4039,4.8314,12,2184,0,0
Frame,812,1781696295535811,53912,"Frame","Frame",,3.3901,0.0575,0,3.2354,3.3901,2.12122,3.3901,12,2184,0,0
Frame,813,1781696295539612,53912,"Frame","Frame",,3.727,0.0479,0,3.603,3.727,2.59008,3.727,12,2184,0,0
Frame,814,1781696295543735,53912,"Frame","Frame",,4.0504,0.0431,0,3.9394,4.0504,2.43901,4.0504,12,2184,0,0
Frame,815,1781696295547809,53912,"Frame","Frame",,3.9965,0.049,0,3.8639,3.9965,2.32688,3.9965,12,2184,0,0
Frame,816,1781696295551130,53912,"Frame","Frame",,3.2493,0.0615,0,3.097,3.2493,2.14349,3.2493,12,2184,0,0
Frame,817,1781696295556856,53912,"Frame","Frame",,5.6434,0.0431,0,5.527,5.6434,3.91994,5.6434,12,2184,0,0
Frame,818,1781696295572058,53912,"Frame","Frame",,14.8731,0.0624,0,14.6904,14.8731,2.4816,14.8731,12,2184,0,0
Frame,819,1781696295578594,53912,"Frame","Frame",,6.4489,0.0515,0,6.2999,6.4489,2.57747,6.4489,12,2184,0,0
